ISO3,Year,WomenBusLawIndex,PaidParentalLeave
AFG,1971,26.3,No
AFG,1972,26.3,No
AFG,1973,26.3,No
AFG,1974,26.3,No
AFG,1975,26.3,No
AFG,1976,26.3,No
AFG,1977,26.3,No
AFG,1978,26.3,No
AFG,1979,26.3,No
AFG,1980,26.3,No
AFG,1981,26.3,No
AFG,1982,26.3,No
AFG,1983,26.3,No
AFG,1984,26.3,No
AFG,1985,26.3,No
AFG,1986,26.3,No
AFG,1987,26.3,No
AFG,1988,26.3,No
AFG,1989,25.6,No
AFG,1990,25.6,No
AFG,1991,25.6,No
AFG,1992,25.6,No
AFG,1993,25.6,No
AFG,1994,25.6,No
AFG,1995,25.6,No
AFG,1996,25.6,No
AFG,1997,25.6,No
AFG,1998,25.6,No
AFG,1999,25.6,No
AFG,2000,26.3,No
AFG,2001,26.3,No
AFG,2002,26.3,No
AFG,2003,26.3,No
AFG,2004,26.3,No
AFG,2005,26.3,No
AFG,2006,26.3,No
AFG,2007,26.3,No
AFG,2008,28.8,No
AFG,2009,28.8,No
AFG,2010,28.8,No
AFG,2011,28.8,No
AFG,2012,28.8,No
AFG,2013,28.8,No
AFG,2014,28.8,No
AFG,2015,28.8,No
AFG,2016,28.8,No
AFG,2017,38.1,No
AFG,2018,38.1,No
AFG,2019,38.1,No
AFG,2020,38.1,No
AFG,2021,38.1,No
AFG,2022,38.1,No
AFG,2023,31.9,No
AFG,2024,31.9,No
AGO,1971,30.6,No
AGO,1972,30.6,No
AGO,1973,30.6,No
AGO,1974,30.6,No
AGO,1975,30.6,No
AGO,1976,30.6,No
AGO,1977,30.6,No
AGO,1978,30.6,No
AGO,1979,30.6,No
AGO,1980,30.6,No
AGO,1981,30.6,No
AGO,1982,30.6,No
AGO,1983,33.1,No
AGO,1984,33.1,No
AGO,1985,33.1,No
AGO,1986,33.1,No
AGO,1987,33.1,No
AGO,1988,33.1,No
AGO,1989,56.3,No
AGO,1990,56.3,No
AGO,1991,56.3,No
AGO,1992,56.3,No
AGO,1993,56.3,No
AGO,1994,56.3,No
AGO,1995,56.3,No
AGO,1996,56.3,No
AGO,1997,56.3,No
AGO,1998,56.3,No
AGO,1999,56.3,No
AGO,2000,56.3,No
AGO,2001,62.5,No
AGO,2002,62.5,No
AGO,2003,62.5,No
AGO,2004,62.5,No
AGO,2005,62.5,No
AGO,2006,62.5,No
AGO,2007,62.5,No
AGO,2008,62.5,No
AGO,2009,62.5,No
AGO,2010,62.5,No
AGO,2011,62.5,No
AGO,2012,62.5,No
AGO,2013,70.6,No
AGO,2014,70.6,No
AGO,2015,70.6,No
AGO,2016,70.6,No
AGO,2017,73.1,No
AGO,2018,73.1,No
AGO,2019,73.1,No
AGO,2020,73.1,No
AGO,2021,73.1,No
AGO,2022,79.4,No
AGO,2023,79.4,No
AGO,2024,79.4,No
ALB,1971,59.4,No
ALB,1972,59.4,No
ALB,1973,59.4,No
ALB,1974,59.4,No
ALB,1975,59.4,No
ALB,1976,59.4,No
ALB,1977,59.4,No
ALB,1978,59.4,No
ALB,1979,59.4,No
ALB,1980,59.4,No
ALB,1981,59.4,No
ALB,1982,59.4,No
ALB,1983,59.4,No
ALB,1984,59.4,No
ALB,1985,59.4,No
ALB,1986,59.4,No
ALB,1987,59.4,No
ALB,1988,59.4,No
ALB,1989,59.4,No
ALB,1990,59.4,No
ALB,1991,59.4,No
ALB,1992,59.4,No
ALB,1993,59.4,No
ALB,1994,59.4,No
ALB,1995,65,No
ALB,1996,65,No
ALB,1997,77.5,No
ALB,1998,77.5,No
ALB,1999,77.5,No
ALB,2000,77.5,No
ALB,2001,77.5,No
ALB,2002,77.5,No
ALB,2003,77.5,No
ALB,2004,77.5,No
ALB,2005,80,No
ALB,2006,80,No
ALB,2007,80,No
ALB,2008,82.5,No
ALB,2009,82.5,No
ALB,2010,82.5,No
ALB,2011,85.6,No
ALB,2012,85.6,No
ALB,2013,85.6,No
ALB,2014,85.6,No
ALB,2015,85.6,No
ALB,2016,85.6,No
ALB,2017,91.3,No
ALB,2018,91.3,No
ALB,2019,91.3,No
ALB,2020,91.3,No
ALB,2021,91.3,No
ALB,2022,91.3,No
ALB,2023,91.3,No
ALB,2024,91.3,No
ARE,1971,17.5,No
ARE,1972,17.5,No
ARE,1973,17.5,No
ARE,1974,17.5,No
ARE,1975,17.5,No
ARE,1976,17.5,No
ARE,1977,17.5,No
ARE,1978,17.5,No
ARE,1979,17.5,No
ARE,1980,17.5,No
ARE,1981,17.5,No
ARE,1982,17.5,No
ARE,1983,17.5,No
ARE,1984,17.5,No
ARE,1985,17.5,No
ARE,1986,17.5,No
ARE,1987,17.5,No
ARE,1988,17.5,No
ARE,1989,17.5,No
ARE,1990,17.5,No
ARE,1991,17.5,No
ARE,1992,17.5,No
ARE,1993,17.5,No
ARE,1994,17.5,No
ARE,1995,17.5,No
ARE,1996,17.5,No
ARE,1997,17.5,No
ARE,1998,17.5,No
ARE,1999,17.5,No
ARE,2000,26.9,No
ARE,2001,26.9,No
ARE,2002,26.9,No
ARE,2003,26.9,No
ARE,2004,26.9,No
ARE,2005,26.9,No
ARE,2006,26.9,No
ARE,2007,26.9,No
ARE,2008,26.9,No
ARE,2009,26.9,No
ARE,2010,26.9,No
ARE,2011,26.9,No
ARE,2012,26.9,No
ARE,2013,26.9,No
ARE,2014,26.9,No
ARE,2015,26.9,No
ARE,2016,26.9,No
ARE,2017,26.9,No
ARE,2018,26.9,No
ARE,2019,30,No
ARE,2020,59.4,No
ARE,2021,82.5,Yes
ARE,2022,82.5,Yes
ARE,2023,82.5,Yes
ARE,2024,82.5,Yes
ARG,1971,30.6,No
ARG,1972,30.6,No
ARG,1973,30.6,No
ARG,1974,30.6,No
ARG,1975,30.6,No
ARG,1976,32.5,No
ARG,1977,38.8,No
ARG,1978,38.8,No
ARG,1979,38.8,No
ARG,1980,38.8,No
ARG,1981,38.8,No
ARG,1982,38.8,No
ARG,1983,38.8,No
ARG,1984,38.8,No
ARG,1985,38.8,No
ARG,1986,38.8,No
ARG,1987,38.8,No
ARG,1988,38.8,No
ARG,1989,59.4,No
ARG,1990,59.4,No
ARG,1991,59.4,No
ARG,1992,59.4,No
ARG,1993,62.5,No
ARG,1994,62.5,No
ARG,1995,62.5,No
ARG,1996,65,No
ARG,1997,65,No
ARG,1998,65,No
ARG,1999,65,No
ARG,2000,65,No
ARG,2001,65,No
ARG,2002,65,No
ARG,2003,65,No
ARG,2004,65,No
ARG,2005,70,No
ARG,2006,70,No
ARG,2007,70,No
ARG,2008,70,No
ARG,2009,70,No
ARG,2010,73.1,No
ARG,2011,73.1,No
ARG,2012,73.1,No
ARG,2013,73.1,No
ARG,2014,73.1,No
ARG,2015,73.1,No
ARG,2016,73.1,No
ARG,2017,73.1,No
ARG,2018,73.1,No
ARG,2019,76.3,No
ARG,2020,76.3,No
ARG,2021,76.3,No
ARG,2022,79.4,No
ARG,2023,79.4,No
ARG,2024,79.4,No
ARM,1971,55.6,No
ARM,1972,55,No
ARM,1973,55,No
ARM,1974,58.1,No
ARM,1975,58.1,No
ARM,1976,58.1,No
ARM,1977,58.1,No
ARM,1978,58.1,No
ARM,1979,58.1,No
ARM,1980,58.1,No
ARM,1981,58.1,No
ARM,1982,58.1,No
ARM,1983,58.1,No
ARM,1984,58.1,No
ARM,1985,58.1,No
ARM,1986,58.1,No
ARM,1987,58.1,No
ARM,1988,58.1,No
ARM,1989,58.1,No
ARM,1990,58.1,No
ARM,1991,58.1,No
ARM,1992,58.1,No
ARM,1993,58.1,No
ARM,1994,58.1,No
ARM,1995,58.1,No
ARM,1996,58.1,No
ARM,1997,61.3,No
ARM,1998,61.3,No
ARM,1999,61.3,No
ARM,2000,61.3,No
ARM,2001,61.3,No
ARM,2002,61.3,No
ARM,2003,61.3,No
ARM,2004,64.4,No
ARM,2005,64.4,No
ARM,2006,76.9,No
ARM,2007,79.4,Yes
ARM,2008,79.4,Yes
ARM,2009,79.4,Yes
ARM,2010,79.4,Yes
ARM,2011,79.4,Yes
ARM,2012,82.5,Yes
ARM,2013,82.5,Yes
ARM,2014,82.5,Yes
ARM,2015,82.5,Yes
ARM,2016,82.5,Yes
ARM,2017,82.5,Yes
ARM,2018,82.5,Yes
ARM,2019,85,Yes
ARM,2020,85,Yes
ARM,2021,85,Yes
ARM,2022,87.5,Yes
ARM,2023,87.5,Yes
ARM,2024,90.6,Yes
ATG,1971,51.9,No
ATG,1972,51.9,No
ATG,1973,51.9,No
ATG,1974,58.1,No
ATG,1975,58.1,No
ATG,1976,58.1,No
ATG,1977,61.3,No
ATG,1978,61.3,No
ATG,1979,61.3,No
ATG,1980,61.3,No
ATG,1981,61.3,No
ATG,1982,61.3,No
ATG,1983,61.3,No
ATG,1984,61.3,No
ATG,1985,61.3,No
ATG,1986,61.3,No
ATG,1987,61.3,No
ATG,1988,61.3,No
ATG,1989,61.3,No
ATG,1990,61.3,No
ATG,1991,61.3,No
ATG,1992,61.3,No
ATG,1993,61.3,No
ATG,1994,61.3,No
ATG,1995,61.3,No
ATG,1996,61.3,No
ATG,1997,61.3,No
ATG,1998,63.8,No
ATG,1999,63.8,No
ATG,2000,66.3,No
ATG,2001,66.3,No
ATG,2002,66.3,No
ATG,2003,66.3,No
ATG,2004,66.3,No
ATG,2005,66.3,No
ATG,2006,66.3,No
ATG,2007,66.3,No
ATG,2008,66.3,No
ATG,2009,66.3,No
ATG,2010,66.3,No
ATG,2011,66.3,No
ATG,2012,66.3,No
ATG,2013,66.3,No
ATG,2014,66.3,No
ATG,2015,66.3,No
ATG,2016,66.3,No
ATG,2017,66.3,No
ATG,2018,66.3,No
ATG,2019,66.3,No
ATG,2020,66.3,No
ATG,2021,66.3,No
ATG,2022,66.3,No
ATG,2023,68.8,No
ATG,2024,68.8,No
AUS,1971,54.4,No
AUS,1972,54.4,No
AUS,1973,54.4,No
AUS,1974,54.4,No
AUS,1975,54.4,No
AUS,1976,54.4,No
AUS,1977,56.9,No
AUS,1978,60,No
AUS,1979,60,No
AUS,1980,60,No
AUS,1981,60,No
AUS,1982,62.5,No
AUS,1983,65.6,No
AUS,1984,68.8,No
AUS,1985,75,No
AUS,1986,75,No
AUS,1987,75,No
AUS,1988,75,No
AUS,1989,75,No
AUS,1990,75,No
AUS,1991,75,No
AUS,1992,75,No
AUS,1993,75,No
AUS,1994,75,No
AUS,1995,75,No
AUS,1996,75,No
AUS,1997,75,No
AUS,1998,81.3,No
AUS,1999,81.3,No
AUS,2000,81.3,No
AUS,2001,81.3,No
AUS,2002,81.3,No
AUS,2003,81.3,No
AUS,2004,81.3,No
AUS,2005,81.3,No
AUS,2006,81.3,No
AUS,2007,81.3,No
AUS,2008,81.3,No
AUS,2009,83.8,No
AUS,2010,83.8,No
AUS,2011,83.8,No
AUS,2012,91.3,Yes
AUS,2013,91.3,Yes
AUS,2014,93.8,Yes
AUS,2015,93.8,Yes
AUS,2016,96.9,Yes
AUS,2017,96.9,Yes
AUS,2018,96.9,Yes
AUS,2019,96.9,Yes
AUS,2020,96.9,Yes
AUS,2021,96.9,Yes
AUS,2022,96.9,Yes
AUS,2023,96.9,Yes
AUS,2024,96.9,Yes
AUT,1971,41.3,No
AUT,1972,41.3,No
AUT,1973,41.3,No
AUT,1974,41.3,No
AUT,1975,43.8,No
AUT,1976,43.8,No
AUT,1977,51.9,No
AUT,1978,51.9,No
AUT,1979,51.9,No
AUT,1980,68.1,No
AUT,1981,68.1,No
AUT,1982,68.1,No
AUT,1983,68.1,No
AUT,1984,68.1,No
AUT,1985,70.6,No
AUT,1986,70.6,No
AUT,1987,70.6,No
AUT,1988,70.6,No
AUT,1989,70.6,No
AUT,1990,70.6,No
AUT,1991,70.6,No
AUT,1992,73.1,Yes
AUT,1993,73.1,Yes
AUT,1994,76.3,Yes
AUT,1995,76.3,Yes
AUT,1996,76.3,Yes
AUT,1997,76.3,Yes
AUT,1998,78.8,Yes
AUT,1999,78.8,Yes
AUT,2000,78.8,Yes
AUT,2001,78.8,Yes
AUT,2002,78.8,Yes
AUT,2003,78.8,Yes
AUT,2004,81.9,Yes
AUT,2005,81.9,Yes
AUT,2006,85,Yes
AUT,2007,85,Yes
AUT,2008,85,Yes
AUT,2009,85,Yes
AUT,2010,91.3,Yes
AUT,2011,91.3,Yes
AUT,2012,91.3,Yes
AUT,2013,91.3,Yes
AUT,2014,91.3,Yes
AUT,2015,91.3,Yes
AUT,2016,94.4,Yes
AUT,2017,94.4,Yes
AUT,2018,94.4,Yes
AUT,2019,94.4,Yes
AUT,2020,94.4,Yes
AUT,2021,96.9,Yes
AUT,2022,96.9,Yes
AUT,2023,96.9,Yes
AUT,2024,96.9,Yes
AZE,1971,55.6,No
AZE,1972,55,No
AZE,1973,58.1,No
AZE,1974,61.3,No
AZE,1975,61.3,No
AZE,1976,61.3,No
AZE,1977,61.3,No
AZE,1978,61.3,No
AZE,1979,61.3,No
AZE,1980,61.3,No
AZE,1981,61.3,No
AZE,1982,61.3,No
AZE,1983,61.3,No
AZE,1984,61.3,No
AZE,1985,61.3,No
AZE,1986,61.3,No
AZE,1987,61.3,No
AZE,1988,61.3,No
AZE,1989,61.3,No
AZE,1990,61.3,No
AZE,1991,61.3,No
AZE,1992,61.3,No
AZE,1993,61.3,No
AZE,1994,64.4,No
AZE,1995,64.4,No
AZE,1996,64.4,No
AZE,1997,64.4,No
AZE,1998,64.4,No
AZE,1999,64.4,No
AZE,2000,64.4,No
AZE,2001,66.9,Yes
AZE,2002,66.9,Yes
AZE,2003,66.9,Yes
AZE,2004,66.9,Yes
AZE,2005,66.9,Yes
AZE,2006,66.9,Yes
AZE,2007,66.9,Yes
AZE,2008,76.3,Yes
AZE,2009,76.3,Yes
AZE,2010,76.3,Yes
AZE,2011,76.3,Yes
AZE,2012,78.8,Yes
AZE,2013,78.8,Yes
AZE,2014,78.8,Yes
AZE,2015,78.8,Yes
AZE,2016,78.8,Yes
AZE,2017,78.8,Yes
AZE,2018,78.8,Yes
AZE,2019,78.8,Yes
AZE,2020,78.8,Yes
AZE,2021,78.8,Yes
AZE,2022,78.8,Yes
AZE,2023,78.8,Yes
AZE,2024,85,Yes
BDI,1971,45,No
BDI,1972,45,No
BDI,1973,47.5,No
BDI,1974,47.5,No
BDI,1975,47.5,No
BDI,1976,47.5,No
BDI,1977,47.5,No
BDI,1978,47.5,No
BDI,1979,47.5,No
BDI,1980,47.5,No
BDI,1981,47.5,No
BDI,1982,47.5,No
BDI,1983,47.5,No
BDI,1984,47.5,No
BDI,1985,47.5,No
BDI,1986,47.5,No
BDI,1987,47.5,No
BDI,1988,47.5,No
BDI,1989,47.5,No
BDI,1990,47.5,No
BDI,1991,47.5,No
BDI,1992,47.5,No
BDI,1993,47.5,No
BDI,1994,58.8,No
BDI,1995,64.4,No
BDI,1996,64.4,No
BDI,1997,64.4,No
BDI,1998,64.4,No
BDI,1999,64.4,No
BDI,2000,64.4,No
BDI,2001,64.4,No
BDI,2002,64.4,No
BDI,2003,64.4,No
BDI,2004,64.4,No
BDI,2005,64.4,No
BDI,2006,64.4,No
BDI,2007,64.4,No
BDI,2008,64.4,No
BDI,2009,64.4,No
BDI,2010,73.1,No
BDI,2011,73.1,No
BDI,2012,73.1,No
BDI,2013,73.1,No
BDI,2014,73.1,No
BDI,2015,73.1,No
BDI,2016,73.1,No
BDI,2017,73.1,No
BDI,2018,73.1,No
BDI,2019,73.1,No
BDI,2020,73.1,No
BDI,2021,73.1,No
BDI,2022,76.3,No
BDI,2023,76.3,No
BDI,2024,76.3,No
BEL,1971,41.3,No
BEL,1972,41.3,No
BEL,1973,43.8,No
BEL,1974,43.8,No
BEL,1975,43.8,No
BEL,1976,43.8,No
BEL,1977,43.8,No
BEL,1978,64.4,No
BEL,1979,64.4,No
BEL,1980,64.4,No
BEL,1981,64.4,No
BEL,1982,64.4,No
BEL,1983,64.4,No
BEL,1984,64.4,No
BEL,1985,64.4,No
BEL,1986,64.4,No
BEL,1987,64.4,No
BEL,1988,64.4,No
BEL,1989,64.4,No
BEL,1990,64.4,No
BEL,1991,64.4,No
BEL,1992,64.4,No
BEL,1993,64.4,No
BEL,1994,64.4,No
BEL,1995,64.4,No
BEL,1996,66.9,No
BEL,1997,66.9,No
BEL,1998,70,No
BEL,1999,72.5,Yes
BEL,2000,75.6,Yes
BEL,2001,75.6,Yes
BEL,2002,75.6,Yes
BEL,2003,75.6,Yes
BEL,2004,84.4,Yes
BEL,2005,84.4,Yes
BEL,2006,84.4,Yes
BEL,2007,84.4,Yes
BEL,2008,87.5,Yes
BEL,2009,87.5,Yes
BEL,2010,93.8,Yes
BEL,2011,100,Yes
BEL,2012,100,Yes
BEL,2013,100,Yes
BEL,2014,100,Yes
BEL,2015,100,Yes
BEL,2016,100,Yes
BEL,2017,100,Yes
BEL,2018,100,Yes
BEL,2019,100,Yes
BEL,2020,100,Yes
BEL,2021,100,Yes
BEL,2022,100,Yes
BEL,2023,100,Yes
BEL,2024,100,Yes
BEN,1971,28.1,No
BEN,1972,28.1,No
BEN,1973,28.1,No
BEN,1974,37.5,No
BEN,1975,40,No
BEN,1976,40,No
BEN,1977,40,No
BEN,1978,40,No
BEN,1979,40,No
BEN,1980,40,No
BEN,1981,40,No
BEN,1982,40,No
BEN,1983,40,No
BEN,1984,40,No
BEN,1985,40,No
BEN,1986,40,No
BEN,1987,40,No
BEN,1988,40,No
BEN,1989,40,No
BEN,1990,40,No
BEN,1991,40,No
BEN,1992,40,No
BEN,1993,40,No
BEN,1994,40,No
BEN,1995,40,No
BEN,1996,40,No
BEN,1997,40,No
BEN,1998,40,No
BEN,1999,49.4,No
BEN,2000,49.4,No
BEN,2001,49.4,No
BEN,2002,49.4,No
BEN,2003,49.4,No
BEN,2004,46.9,No
BEN,2005,46.9,No
BEN,2006,65.6,No
BEN,2007,65.6,No
BEN,2008,71.9,No
BEN,2009,71.9,No
BEN,2010,71.9,No
BEN,2011,71.9,No
BEN,2012,71.9,No
BEN,2013,74.4,No
BEN,2014,74.4,No
BEN,2015,74.4,No
BEN,2016,74.4,No
BEN,2017,74.4,No
BEN,2018,74.4,No
BEN,2019,74.4,No
BEN,2020,74.4,No
BEN,2021,77.5,No
BEN,2022,80.6,No
BEN,2023,83.8,No
BEN,2024,83.8,No
BFA,1971,48.1,No
BFA,1972,48.1,No
BFA,1973,48.1,No
BFA,1974,48.1,No
BFA,1975,48.1,No
BFA,1976,48.1,No
BFA,1977,48.1,No
BFA,1978,48.1,No
BFA,1979,48.1,No
BFA,1980,48.1,No
BFA,1981,48.1,No
BFA,1982,48.1,No
BFA,1983,48.1,No
BFA,1984,48.1,No
BFA,1985,48.1,No
BFA,1986,48.1,No
BFA,1987,48.1,No
BFA,1988,48.1,No
BFA,1989,48.1,No
BFA,1990,48.1,No
BFA,1991,61.9,No
BFA,1992,61.9,No
BFA,1993,61.9,No
BFA,1994,70.6,No
BFA,1995,70.6,No
BFA,1996,70.6,No
BFA,1997,70.6,No
BFA,1998,70.6,No
BFA,1999,70.6,No
BFA,2000,70.6,No
BFA,2001,70.6,No
BFA,2002,70.6,No
BFA,2003,70.6,No
BFA,2004,70.6,No
BFA,2005,70.6,No
BFA,2006,76.9,No
BFA,2007,76.9,No
BFA,2008,76.9,No
BFA,2009,76.9,No
BFA,2010,76.9,No
BFA,2011,76.9,No
BFA,2012,76.9,No
BFA,2013,76.9,No
BFA,2014,76.9,No
BFA,2015,76.9,No
BFA,2016,76.9,No
BFA,2017,76.9,No
BFA,2018,76.9,No
BFA,2019,82.5,No
BFA,2020,82.5,No
BFA,2021,82.5,No
BFA,2022,82.5,No
BFA,2023,82.5,No
BFA,2024,82.5,No
BGD,1971,35,No
BGD,1972,35,No
BGD,1973,35,No
BGD,1974,38.1,No
BGD,1975,38.1,No
BGD,1976,38.1,No
BGD,1977,38.1,No
BGD,1978,38.1,No
BGD,1979,38.1,No
BGD,1980,38.1,No
BGD,1981,38.1,No
BGD,1982,38.1,No
BGD,1983,38.1,No
BGD,1984,38.1,No
BGD,1985,38.1,No
BGD,1986,38.1,No
BGD,1987,38.1,No
BGD,1988,38.1,No
BGD,1989,38.1,No
BGD,1990,38.1,No
BGD,1991,38.1,No
BGD,1992,38.1,No
BGD,1993,38.1,No
BGD,1994,38.1,No
BGD,1995,38.1,No
BGD,1996,38.1,No
BGD,1997,38.1,No
BGD,1998,38.1,No
BGD,1999,38.1,No
BGD,2000,38.1,No
BGD,2001,38.1,No
BGD,2002,38.1,No
BGD,2003,38.1,No
BGD,2004,38.1,No
BGD,2005,38.1,No
BGD,2006,38.1,No
BGD,2007,38.1,No
BGD,2008,43.8,No
BGD,2009,43.8,No
BGD,2010,46.9,No
BGD,2011,46.9,No
BGD,2012,49.4,No
BGD,2013,49.4,No
BGD,2014,49.4,No
BGD,2015,49.4,No
BGD,2016,49.4,No
BGD,2017,49.4,No
BGD,2018,49.4,No
BGD,2019,49.4,No
BGD,2020,49.4,No
BGD,2021,49.4,No
BGD,2022,49.4,No
BGD,2023,49.4,No
BGD,2024,49.4,No
BGR,1971,65,No
BGR,1972,65,No
BGR,1973,65,No
BGR,1974,65,No
BGR,1975,65,No
BGR,1976,65,No
BGR,1977,65,No
BGR,1978,65,No
BGR,1979,65,No
BGR,1980,65,No
BGR,1981,65,No
BGR,1982,65,No
BGR,1983,65,No
BGR,1984,65,No
BGR,1985,65,No
BGR,1986,65,No
BGR,1987,68.1,No
BGR,1988,68.1,No
BGR,1989,68.1,No
BGR,1990,68.1,No
BGR,1991,68.1,No
BGR,1992,68.1,No
BGR,1993,68.1,No
BGR,1994,68.1,No
BGR,1995,68.1,No
BGR,1996,68.1,No
BGR,1997,68.1,No
BGR,1998,68.1,No
BGR,1999,68.1,No
BGR,2000,68.1,No
BGR,2001,68.1,No
BGR,2002,73.8,Yes
BGR,2003,73.8,Yes
BGR,2004,73.8,Yes
BGR,2005,85.6,Yes
BGR,2006,91.3,Yes
BGR,2007,91.3,Yes
BGR,2008,91.3,Yes
BGR,2009,91.3,Yes
BGR,2010,93.8,Yes
BGR,2011,93.8,Yes
BGR,2012,90.6,Yes
BGR,2013,90.6,Yes
BGR,2014,90.6,Yes
BGR,2015,90.6,Yes
BGR,2016,90.6,Yes
BGR,2017,90.6,Yes
BGR,2018,90.6,Yes
BGR,2019,90.6,Yes
BGR,2020,90.6,Yes
BGR,2021,90.6,Yes
BGR,2022,90.6,Yes
BGR,2023,90.6,Yes
BGR,2024,90.6,Yes
BHR,1971,20.6,No
BHR,1972,20.6,No
BHR,1973,20.6,No
BHR,1974,20.6,No
BHR,1975,20.6,No
BHR,1976,20.6,No
BHR,1977,20.6,No
BHR,1978,26.3,No
BHR,1979,26.3,No
BHR,1980,26.3,No
BHR,1981,26.3,No
BHR,1982,26.3,No
BHR,1983,26.3,No
BHR,1984,26.3,No
BHR,1985,26.3,No
BHR,1986,26.3,No
BHR,1987,26.3,No
BHR,1988,26.3,No
BHR,1989,26.3,No
BHR,1990,26.3,No
BHR,1991,26.3,No
BHR,1992,26.3,No
BHR,1993,26.3,No
BHR,1994,26.3,No
BHR,1995,28.8,No
BHR,1996,28.8,No
BHR,1997,28.8,No
BHR,1998,28.8,No
BHR,1999,28.8,No
BHR,2000,28.8,No
BHR,2001,28.8,No
BHR,2002,28.8,No
BHR,2003,28.8,No
BHR,2004,28.8,No
BHR,2005,28.8,No
BHR,2006,28.8,No
BHR,2007,31.9,No
BHR,2008,31.9,No
BHR,2009,31.9,No
BHR,2010,31.9,No
BHR,2011,31.9,No
BHR,2012,31.9,No
BHR,2013,31.9,No
BHR,2014,35,No
BHR,2015,35,No
BHR,2016,35,No
BHR,2017,37.5,No
BHR,2018,37.5,No
BHR,2019,40,No
BHR,2020,46.3,No
BHR,2021,55.6,No
BHR,2022,65,No
BHR,2023,68.1,No
BHR,2024,68.1,No
BHS,1971,50,No
BHS,1972,50,No
BHS,1973,56.3,No
BHS,1974,56.3,No
BHS,1975,56.3,No
BHS,1976,56.3,No
BHS,1977,56.3,No
BHS,1978,56.3,No
BHS,1979,56.3,No
BHS,1980,56.3,No
BHS,1981,56.3,No
BHS,1982,56.3,No
BHS,1983,56.3,No
BHS,1984,58.8,No
BHS,1985,58.8,No
BHS,1986,61.9,No
BHS,1987,61.9,No
BHS,1988,61.9,No
BHS,1989,64.4,No
BHS,1990,64.4,No
BHS,1991,64.4,No
BHS,1992,64.4,No
BHS,1993,73.1,No
BHS,1994,73.1,No
BHS,1995,73.1,No
BHS,1996,73.1,No
BHS,1997,73.1,No
BHS,1998,73.1,No
BHS,1999,73.1,No
BHS,2000,73.1,No
BHS,2001,73.1,No
BHS,2002,73.1,No
BHS,2003,81.3,No
BHS,2004,81.3,No
BHS,2005,81.3,No
BHS,2006,81.3,No
BHS,2007,81.3,No
BHS,2008,81.3,No
BHS,2009,81.3,No
BHS,2010,81.3,No
BHS,2011,81.3,No
BHS,2012,81.3,No
BHS,2013,81.3,No
BHS,2014,81.3,No
BHS,2015,81.3,No
BHS,2016,81.3,No
BHS,2017,81.3,No
BHS,2018,81.3,No
BHS,2019,81.3,No
BHS,2020,81.3,No
BHS,2021,81.3,No
BHS,2022,81.3,No
BHS,2023,81.3,No
BHS,2024,81.3,No
BIH,1971,58.1,No
BIH,1972,58.1,No
BIH,1973,58.1,No
BIH,1974,58.1,No
BIH,1975,58.1,No
BIH,1976,58.1,No
BIH,1977,58.1,No
BIH,1978,58.1,No
BIH,1979,58.1,No
BIH,1980,58.1,No
BIH,1981,58.1,No
BIH,1982,58.1,No
BIH,1983,58.1,No
BIH,1984,58.1,No
BIH,1985,58.1,No
BIH,1986,58.1,No
BIH,1987,58.1,No
BIH,1988,58.1,No
BIH,1989,58.1,No
BIH,1990,58.1,No
BIH,1991,58.1,No
BIH,1992,58.1,No
BIH,1993,58.1,No
BIH,1994,58.1,No
BIH,1995,58.1,No
BIH,1996,58.1,No
BIH,1997,58.1,No
BIH,1998,58.1,No
BIH,1999,58.1,No
BIH,2000,61.3,No
BIH,2001,66.9,No
BIH,2002,66.9,No
BIH,2003,66.9,No
BIH,2004,76.3,No
BIH,2005,76.3,No
BIH,2006,78.8,No
BIH,2007,78.8,No
BIH,2008,78.8,No
BIH,2009,78.8,No
BIH,2010,78.8,No
BIH,2011,81.9,No
BIH,2012,81.9,No
BIH,2013,81.9,No
BIH,2014,81.9,No
BIH,2015,81.9,No
BIH,2016,81.9,No
BIH,2017,88.1,No
BIH,2018,88.1,No
BIH,2019,85,No
BIH,2020,85,No
BIH,2021,85,No
BIH,2022,85,No
BIH,2023,85,No
BIH,2024,85,No
BLR,1971,55.6,No
BLR,1972,55,No
BLR,1973,55,No
BLR,1974,58.1,No
BLR,1975,58.1,No
BLR,1976,58.1,No
BLR,1977,58.1,No
BLR,1978,58.1,No
BLR,1979,58.1,No
BLR,1980,58.1,No
BLR,1981,58.1,No
BLR,1982,58.1,No
BLR,1983,58.1,No
BLR,1984,58.1,No
BLR,1985,58.1,No
BLR,1986,58.1,No
BLR,1987,58.1,No
BLR,1988,58.1,No
BLR,1989,58.1,No
BLR,1990,58.1,No
BLR,1991,58.1,No
BLR,1992,58.1,No
BLR,1993,58.1,No
BLR,1994,63.8,Yes
BLR,1995,66.9,Yes
BLR,1996,70,Yes
BLR,1997,70,Yes
BLR,1998,70,Yes
BLR,1999,70,Yes
BLR,2000,70,Yes
BLR,2001,73.1,Yes
BLR,2002,73.1,Yes
BLR,2003,73.1,Yes
BLR,2004,73.1,Yes
BLR,2005,73.1,Yes
BLR,2006,73.1,Yes
BLR,2007,73.1,Yes
BLR,2008,73.1,Yes
BLR,2009,73.1,Yes
BLR,2010,73.1,Yes
BLR,2011,73.1,Yes
BLR,2012,73.1,Yes
BLR,2013,73.1,Yes
BLR,2014,73.1,Yes
BLR,2015,75.6,Yes
BLR,2016,75.6,Yes
BLR,2017,75.6,Yes
BLR,2018,75.6,Yes
BLR,2019,75.6,Yes
BLR,2020,75.6,Yes
BLR,2021,75.6,Yes
BLR,2022,75.6,Yes
BLR,2023,75.6,Yes
BLR,2024,75.6,Yes
BLZ,1971,51.3,No
BLZ,1972,51.3,No
BLZ,1973,51.3,No
BLZ,1974,51.3,No
BLZ,1975,51.3,No
BLZ,1976,51.3,No
BLZ,1977,51.3,No
BLZ,1978,51.3,No
BLZ,1979,51.3,No
BLZ,1980,51.3,No
BLZ,1981,53.8,No
BLZ,1982,53.8,No
BLZ,1983,63.1,No
BLZ,1984,63.1,No
BLZ,1985,63.1,No
BLZ,1986,63.1,No
BLZ,1987,63.1,No
BLZ,1988,63.1,No
BLZ,1989,63.1,No
BLZ,1990,63.1,No
BLZ,1991,63.1,No
BLZ,1992,63.1,No
BLZ,1993,63.1,No
BLZ,1994,65.6,No
BLZ,1995,65.6,No
BLZ,1996,65.6,No
BLZ,1997,65.6,No
BLZ,1998,71.9,No
BLZ,1999,71.9,No
BLZ,2000,71.9,No
BLZ,2001,71.9,No
BLZ,2002,76.9,No
BLZ,2003,76.9,No
BLZ,2004,76.9,No
BLZ,2005,76.9,No
BLZ,2006,76.9,No
BLZ,2007,76.9,No
BLZ,2008,76.9,No
BLZ,2009,76.9,No
BLZ,2010,76.9,No
BLZ,2011,76.9,No
BLZ,2012,76.9,No
BLZ,2013,79.4,No
BLZ,2014,79.4,No
BLZ,2015,79.4,No
BLZ,2016,79.4,No
BLZ,2017,79.4,No
BLZ,2018,79.4,No
BLZ,2019,79.4,No
BLZ,2020,79.4,No
BLZ,2021,79.4,No
BLZ,2022,79.4,No
BLZ,2023,79.4,No
BLZ,2024,82.5,No
BOL,1971,36.9,No
BOL,1972,36.9,No
BOL,1973,36.9,No
BOL,1974,53.8,No
BOL,1975,53.8,No
BOL,1976,53.8,No
BOL,1977,53.8,No
BOL,1978,53.8,No
BOL,1979,53.8,No
BOL,1980,53.8,No
BOL,1981,53.8,No
BOL,1982,53.8,No
BOL,1983,53.8,No
BOL,1984,53.8,No
BOL,1985,53.8,No
BOL,1986,53.8,No
BOL,1987,53.8,No
BOL,1988,53.8,No
BOL,1989,56.3,No
BOL,1990,56.3,No
BOL,1991,56.3,No
BOL,1992,56.3,No
BOL,1993,56.3,No
BOL,1994,56.3,No
BOL,1995,56.3,No
BOL,1996,56.3,No
BOL,1997,58.8,No
BOL,1998,58.8,No
BOL,1999,58.8,No
BOL,2000,58.8,No
BOL,2001,58.8,No
BOL,2002,61.9,No
BOL,2003,61.9,No
BOL,2004,61.9,No
BOL,2005,61.9,No
BOL,2006,61.9,No
BOL,2007,61.9,No
BOL,2008,61.9,No
BOL,2009,65,No
BOL,2010,68.1,No
BOL,2011,68.1,No
BOL,2012,68.1,No
BOL,2013,68.1,No
BOL,2014,76.9,No
BOL,2015,76.9,No
BOL,2016,88.8,No
BOL,2017,88.8,No
BOL,2018,88.8,No
BOL,2019,88.8,No
BOL,2020,88.8,No
BOL,2021,88.8,No
BOL,2022,88.8,No
BOL,2023,88.8,No
BOL,2024,88.8,No
BRA,1971,31.3,No
BRA,1972,31.3,No
BRA,1973,31.3,No
BRA,1974,31.3,No
BRA,1975,28.1,No
BRA,1976,30.6,No
BRA,1977,30.6,No
BRA,1978,30.6,No
BRA,1979,33.1,No
BRA,1980,33.1,No
BRA,1981,33.1,No
BRA,1982,33.1,No
BRA,1983,33.1,No
BRA,1984,33.1,No
BRA,1985,33.1,No
BRA,1986,33.1,No
BRA,1987,33.1,No
BRA,1988,33.1,No
BRA,1989,33.1,No
BRA,1990,38.1,No
BRA,1991,50.6,No
BRA,1992,50.6,No
BRA,1993,50.6,No
BRA,1994,50.6,No
BRA,1995,50.6,No
BRA,1996,50.6,No
BRA,1997,50.6,No
BRA,1998,50.6,No
BRA,1999,50.6,No
BRA,2000,56.9,No
BRA,2001,56.9,No
BRA,2002,63.1,No
BRA,2003,79.4,No
BRA,2004,79.4,No
BRA,2005,79.4,No
BRA,2006,79.4,No
BRA,2007,79.4,No
BRA,2008,81.9,No
BRA,2009,81.9,No
BRA,2010,81.9,No
BRA,2011,81.9,No
BRA,2012,81.9,No
BRA,2013,81.9,No
BRA,2014,81.9,No
BRA,2015,81.9,No
BRA,2016,81.9,No
BRA,2017,81.9,No
BRA,2018,81.9,No
BRA,2019,81.9,No
BRA,2020,81.9,No
BRA,2021,85,No
BRA,2022,85,No
BRA,2023,85,No
BRA,2024,85,No
BRB,1971,60,No
BRB,1972,60,No
BRB,1973,60,No
BRB,1974,60,No
BRB,1975,60,No
BRB,1976,60,No
BRB,1977,60,No
BRB,1978,62.5,No
BRB,1979,62.5,No
BRB,1980,62.5,No
BRB,1981,65.6,No
BRB,1982,65.6,No
BRB,1983,68.1,No
BRB,1984,68.1,No
BRB,1985,68.1,No
BRB,1986,68.1,No
BRB,1987,68.1,No
BRB,1988,68.1,No
BRB,1989,68.1,No
BRB,1990,68.1,No
BRB,1991,68.1,No
BRB,1992,68.1,No
BRB,1993,70.6,No
BRB,1994,70.6,No
BRB,1995,70.6,No
BRB,1996,70.6,No
BRB,1997,70.6,No
BRB,1998,70.6,No
BRB,1999,70.6,No
BRB,2000,70.6,No
BRB,2001,70.6,No
BRB,2002,70.6,No
BRB,2003,70.6,No
BRB,2004,70.6,No
BRB,2005,70.6,No
BRB,2006,70.6,No
BRB,2007,70.6,No
BRB,2008,70.6,No
BRB,2009,70.6,No
BRB,2010,70.6,No
BRB,2011,70.6,No
BRB,2012,70.6,No
BRB,2013,70.6,No
BRB,2014,70.6,No
BRB,2015,70.6,No
BRB,2016,70.6,No
BRB,2017,70.6,No
BRB,2018,70.6,No
BRB,2019,76.9,No
BRB,2020,76.9,No
BRB,2021,80,No
BRB,2022,80,No
BRB,2023,80,No
BRB,2024,80,No
BRN,1971,38.8,No
BRN,1972,38.8,No
BRN,1973,38.8,No
BRN,1974,38.8,No
BRN,1975,38.8,No
BRN,1976,38.8,No
BRN,1977,38.8,No
BRN,1978,38.8,No
BRN,1979,38.8,No
BRN,1980,38.8,No
BRN,1981,38.8,No
BRN,1982,38.8,No
BRN,1983,38.8,No
BRN,1984,38.8,No
BRN,1985,41.9,No
BRN,1986,41.9,No
BRN,1987,41.9,No
BRN,1988,41.9,No
BRN,1989,41.9,No
BRN,1990,41.9,No
BRN,1991,41.9,No
BRN,1992,41.9,No
BRN,1993,41.9,No
BRN,1994,41.9,No
BRN,1995,41.9,No
BRN,1996,41.9,No
BRN,1997,41.9,No
BRN,1998,41.9,No
BRN,1999,41.9,No
BRN,2000,41.9,No
BRN,2001,44.4,No
BRN,2002,46.9,No
BRN,2003,46.9,No
BRN,2004,46.9,No
BRN,2005,46.9,No
BRN,2006,46.9,No
BRN,2007,46.9,No
BRN,2008,46.9,No
BRN,2009,46.9,No
BRN,2010,46.9,No
BRN,2011,53.1,No
BRN,2012,53.1,No
BRN,2013,53.1,No
BRN,2014,53.1,No
BRN,2015,53.1,No
BRN,2016,53.1,No
BRN,2017,53.1,No
BRN,2018,53.1,No
BRN,2019,53.1,No
BRN,2020,53.1,No
BRN,2021,53.1,No
BRN,2022,53.1,No
BRN,2023,53.1,No
BRN,2024,53.1,No
BTN,1971,55,No
BTN,1972,55,No
BTN,1973,55,No
BTN,1974,55,No
BTN,1975,55,No
BTN,1976,55,No
BTN,1977,55,No
BTN,1978,55,No
BTN,1979,55,No
BTN,1980,55,No
BTN,1981,55,No
BTN,1982,55,No
BTN,1983,55,No
BTN,1984,55,No
BTN,1985,55,No
BTN,1986,55,No
BTN,1987,55,No
BTN,1988,55,No
BTN,1989,55,No
BTN,1990,55,No
BTN,1991,55,No
BTN,1992,55,No
BTN,1993,55,No
BTN,1994,55,No
BTN,1995,55,No
BTN,1996,55,No
BTN,1997,55,No
BTN,1998,55,No
BTN,1999,55,No
BTN,2000,55,No
BTN,2001,55,No
BTN,2002,55,No
BTN,2003,55,No
BTN,2004,55,No
BTN,2005,55,No
BTN,2006,55,No
BTN,2007,55,No
BTN,2008,70,No
BTN,2009,70,No
BTN,2010,70,No
BTN,2011,72.5,No
BTN,2012,72.5,No
BTN,2013,72.5,No
BTN,2014,75,No
BTN,2015,75,No
BTN,2016,75,No
BTN,2017,75,No
BTN,2018,75,No
BTN,2019,75,No
BTN,2020,75,No
BTN,2021,75,No
BTN,2022,75,No
BTN,2023,75,No
BTN,2024,75,No
BWA,1971,20,No
BWA,1972,22.5,No
BWA,1973,22.5,No
BWA,1974,22.5,No
BWA,1975,22.5,No
BWA,1976,22.5,No
BWA,1977,22.5,No
BWA,1978,22.5,No
BWA,1979,22.5,No
BWA,1980,22.5,No
BWA,1981,22.5,No
BWA,1982,22.5,No
BWA,1983,22.5,No
BWA,1984,22.5,No
BWA,1985,22.5,No
BWA,1986,22.5,No
BWA,1987,22.5,No
BWA,1988,22.5,No
BWA,1989,22.5,No
BWA,1990,22.5,No
BWA,1991,22.5,No
BWA,1992,22.5,No
BWA,1993,22.5,No
BWA,1994,28.8,No
BWA,1995,28.8,No
BWA,1996,28.8,No
BWA,1997,38.1,No
BWA,1998,38.1,No
BWA,1999,38.1,No
BWA,2000,38.1,No
BWA,2001,38.1,No
BWA,2002,38.1,No
BWA,2003,38.1,No
BWA,2004,38.1,No
BWA,2005,38.1,No
BWA,2006,61.3,No
BWA,2007,61.3,No
BWA,2008,61.3,No
BWA,2009,63.8,No
BWA,2010,63.8,No
BWA,2011,63.8,No
BWA,2012,63.8,No
BWA,2013,63.8,No
BWA,2014,63.8,No
BWA,2015,63.8,No
BWA,2016,63.8,No
BWA,2017,63.8,No
BWA,2018,63.8,No
BWA,2019,63.8,No
BWA,2020,63.8,No
BWA,2021,63.8,No
BWA,2022,63.8,No
BWA,2023,63.8,No
BWA,2024,63.8,No
CAF,1971,42.5,No
CAF,1972,42.5,No
CAF,1973,42.5,No
CAF,1974,42.5,No
CAF,1975,42.5,No
CAF,1976,42.5,No
CAF,1977,45,No
CAF,1978,45,No
CAF,1979,45,No
CAF,1980,45,No
CAF,1981,45,No
CAF,1982,45,No
CAF,1983,45,No
CAF,1984,45,No
CAF,1985,45,No
CAF,1986,45,No
CAF,1987,45,No
CAF,1988,45,No
CAF,1989,45,No
CAF,1990,45,No
CAF,1991,45,No
CAF,1992,45,No
CAF,1993,45,No
CAF,1994,45,No
CAF,1995,45,No
CAF,1996,45,No
CAF,1997,45,No
CAF,1998,45,No
CAF,1999,58.8,No
CAF,2000,58.8,No
CAF,2001,58.8,No
CAF,2002,58.8,No
CAF,2003,58.8,No
CAF,2004,58.8,No
CAF,2005,58.8,No
CAF,2006,58.8,No
CAF,2007,58.8,No
CAF,2008,73.8,No
CAF,2009,73.8,No
CAF,2010,77.5,No
CAF,2011,77.5,No
CAF,2012,77.5,No
CAF,2013,77.5,No
CAF,2014,77.5,No
CAF,2015,77.5,No
CAF,2016,77.5,No
CAF,2017,77.5,No
CAF,2018,77.5,No
CAF,2019,77.5,No
CAF,2020,77.5,No
CAF,2021,77.5,No
CAF,2022,77.5,No
CAF,2023,77.5,No
CAF,2024,77.5,No
CAN,1971,63.8,No
CAN,1972,63.8,No
CAN,1973,68.8,No
CAN,1974,68.8,No
CAN,1975,68.8,No
CAN,1976,68.8,No
CAN,1977,71.3,No
CAN,1978,71.3,No
CAN,1979,77.5,No
CAN,1980,77.5,No
CAN,1981,77.5,No
CAN,1982,77.5,No
CAN,1983,77.5,No
CAN,1984,80.6,No
CAN,1985,80.6,No
CAN,1986,83.8,No
CAN,1987,86.3,No
CAN,1988,89.4,No
CAN,1989,89.4,No
CAN,1990,89.4,No
CAN,1991,95,No
CAN,1992,97.5,Yes
CAN,1993,97.5,Yes
CAN,1994,97.5,Yes
CAN,1995,97.5,Yes
CAN,1996,97.5,Yes
CAN,1997,97.5,Yes
CAN,1998,97.5,Yes
CAN,1999,97.5,Yes
CAN,2000,97.5,Yes
CAN,2001,97.5,Yes
CAN,2002,97.5,Yes
CAN,2003,97.5,Yes
CAN,2004,97.5,Yes
CAN,2005,97.5,Yes
CAN,2006,97.5,Yes
CAN,2007,97.5,Yes
CAN,2008,97.5,Yes
CAN,2009,97.5,Yes
CAN,2010,97.5,Yes
CAN,2011,97.5,Yes
CAN,2012,97.5,Yes
CAN,2013,97.5,Yes
CAN,2014,97.5,Yes
CAN,2015,97.5,Yes
CAN,2016,97.5,Yes
CAN,2017,97.5,Yes
CAN,2018,97.5,Yes
CAN,2019,97.5,Yes
CAN,2020,100,Yes
CAN,2021,100,Yes
CAN,2022,100,Yes
CAN,2023,100,Yes
CAN,2024,100,Yes
CHE,1971,43.8,No
CHE,1972,43.8,No
CHE,1973,43.8,No
CHE,1974,43.8,No
CHE,1975,43.8,No
CHE,1976,43.8,No
CHE,1977,43.8,No
CHE,1978,43.8,No
CHE,1979,43.8,No
CHE,1980,43.8,No
CHE,1981,43.8,No
CHE,1982,43.8,No
CHE,1983,43.8,No
CHE,1984,43.8,No
CHE,1985,43.8,No
CHE,1986,57.5,No
CHE,1987,57.5,No
CHE,1988,57.5,No
CHE,1989,57.5,No
CHE,1990,60,No
CHE,1991,60,No
CHE,1992,60,No
CHE,1993,60,No
CHE,1994,60,No
CHE,1995,60,No
CHE,1996,72.5,No
CHE,1997,72.5,No
CHE,1998,75.6,No
CHE,1999,75.6,No
CHE,2000,78.1,No
CHE,2001,78.1,No
CHE,2002,78.1,No
CHE,2003,78.1,No
CHE,2004,78.1,No
CHE,2005,78.1,No
CHE,2006,78.1,No
CHE,2007,83.1,No
CHE,2008,85.6,No
CHE,2009,85.6,No
CHE,2010,85.6,No
CHE,2011,85.6,No
CHE,2012,85.6,No
CHE,2013,85.6,No
CHE,2014,85.6,No
CHE,2015,85.6,No
CHE,2016,85.6,No
CHE,2017,85.6,No
CHE,2018,85.6,No
CHE,2019,85.6,No
CHE,2020,85.6,No
CHE,2021,85.6,No
CHE,2022,88.1,No
CHE,2023,88.1,No
CHE,2024,88.1,No
CHL,1971,33.8,No
CHL,1972,33.8,No
CHL,1973,33.8,No
CHL,1974,36.3,No
CHL,1975,36.3,No
CHL,1976,36.3,No
CHL,1977,36.3,No
CHL,1978,36.3,No
CHL,1979,36.3,No
CHL,1980,36.3,No
CHL,1981,36.3,No
CHL,1982,36.3,No
CHL,1983,36.3,No
CHL,1984,36.3,No
CHL,1985,36.3,No
CHL,1986,36.3,No
CHL,1987,36.3,No
CHL,1988,36.3,No
CHL,1989,36.3,No
CHL,1990,39.4,No
CHL,1991,54.4,No
CHL,1992,54.4,No
CHL,1993,54.4,No
CHL,1994,54.4,No
CHL,1995,60.6,No
CHL,1996,60.6,No
CHL,1997,60.6,No
CHL,1998,60.6,No
CHL,1999,60.6,No
CHL,2000,60.6,No
CHL,2001,60.6,No
CHL,2002,60.6,No
CHL,2003,63.8,No
CHL,2004,63.8,No
CHL,2005,63.8,No
CHL,2006,66.9,No
CHL,2007,71.9,No
CHL,2008,71.9,No
CHL,2009,75,No
CHL,2010,75,No
CHL,2011,75,No
CHL,2012,75,No
CHL,2013,77.5,Yes
CHL,2014,77.5,Yes
CHL,2015,77.5,Yes
CHL,2016,77.5,Yes
CHL,2017,77.5,Yes
CHL,2018,77.5,Yes
CHL,2019,77.5,Yes
CHL,2020,77.5,Yes
CHL,2021,80,Yes
CHL,2022,80,Yes
CHL,2023,80,Yes
CHL,2024,80,Yes
CHN,1971,56.9,No
CHN,1972,56.9,No
CHN,1973,56.9,No
CHN,1974,56.9,No
CHN,1975,56.9,No
CHN,1976,56.9,No
CHN,1977,56.9,No
CHN,1978,56.9,No
CHN,1979,56.9,No
CHN,1980,56.9,No
CHN,1981,56.9,No
CHN,1982,56.9,No
CHN,1983,56.9,No
CHN,1984,56.9,No
CHN,1985,56.9,No
CHN,1986,56.9,No
CHN,1987,56.9,No
CHN,1988,56.9,No
CHN,1989,56.9,No
CHN,1990,59.4,No
CHN,1991,59.4,No
CHN,1992,59.4,No
CHN,1993,59.4,No
CHN,1994,59.4,No
CHN,1995,59.4,No
CHN,1996,62.5,No
CHN,1997,62.5,No
CHN,1998,62.5,No
CHN,1999,62.5,No
CHN,2000,62.5,No
CHN,2001,62.5,No
CHN,2002,62.5,No
CHN,2003,65,No
CHN,2004,65,No
CHN,2005,70,No
CHN,2006,70,No
CHN,2007,72.5,No
CHN,2008,72.5,No
CHN,2009,69.4,No
CHN,2010,69.4,No
CHN,2011,69.4,No
CHN,2012,69.4,No
CHN,2013,75.6,No
CHN,2014,75.6,No
CHN,2015,75.6,No
CHN,2016,75.6,No
CHN,2017,75.6,No
CHN,2018,75.6,No
CHN,2019,75.6,No
CHN,2020,75.6,No
CHN,2021,75.6,No
CHN,2022,75.6,No
CHN,2023,78.1,Yes
CHN,2024,78.1,Yes
CIV,1971,45.6,No
CIV,1972,45.6,No
CIV,1973,45.6,No
CIV,1974,45.6,No
CIV,1975,45.6,No
CIV,1976,45.6,No
CIV,1977,45.6,No
CIV,1978,45.6,No
CIV,1979,45.6,No
CIV,1980,45.6,No
CIV,1981,45.6,No
CIV,1982,45.6,No
CIV,1983,45.6,No
CIV,1984,45.6,No
CIV,1985,48.8,No
CIV,1986,48.8,No
CIV,1987,48.8,No
CIV,1988,48.8,No
CIV,1989,48.8,No
CIV,1990,48.8,No
CIV,1991,48.8,No
CIV,1992,48.8,No
CIV,1993,48.8,No
CIV,1994,48.8,No
CIV,1995,48.8,No
CIV,1996,63.1,No
CIV,1997,63.1,No
CIV,1998,63.1,No
CIV,1999,63.1,No
CIV,2000,69.4,No
CIV,2001,69.4,No
CIV,2002,69.4,No
CIV,2003,69.4,No
CIV,2004,69.4,No
CIV,2005,69.4,No
CIV,2006,69.4,No
CIV,2007,69.4,No
CIV,2008,69.4,No
CIV,2009,69.4,No
CIV,2010,69.4,No
CIV,2011,69.4,No
CIV,2012,69.4,No
CIV,2013,69.4,No
CIV,2014,81.3,No
CIV,2015,81.3,No
CIV,2016,81.3,No
CIV,2017,81.3,No
CIV,2018,81.3,No
CIV,2019,78.1,No
CIV,2020,83.1,No
CIV,2021,83.1,No
CIV,2022,83.1,No
CIV,2023,95,No
CIV,2024,95,No
CMR,1971,45.6,No
CMR,1972,45.6,No
CMR,1973,45.6,No
CMR,1974,45.6,No
CMR,1975,45.6,No
CMR,1976,45.6,No
CMR,1977,45.6,No
CMR,1978,45.6,No
CMR,1979,45.6,No
CMR,1980,45.6,No
CMR,1981,45.6,No
CMR,1982,45.6,No
CMR,1983,45.6,No
CMR,1984,45.6,No
CMR,1985,45.6,No
CMR,1986,45.6,No
CMR,1987,45.6,No
CMR,1988,45.6,No
CMR,1989,45.6,No
CMR,1990,45.6,No
CMR,1991,45.6,No
CMR,1992,45.6,No
CMR,1993,45.6,No
CMR,1994,50.6,No
CMR,1995,50.6,No
CMR,1996,50.6,No
CMR,1997,50.6,No
CMR,1998,50.6,No
CMR,1999,50.6,No
CMR,2000,50.6,No
CMR,2001,50.6,No
CMR,2002,50.6,No
CMR,2003,50.6,No
CMR,2004,50.6,No
CMR,2005,50.6,No
CMR,2006,50.6,No
CMR,2007,50.6,No
CMR,2008,50.6,No
CMR,2009,50.6,No
CMR,2010,50.6,No
CMR,2011,50.6,No
CMR,2012,50.6,No
CMR,2013,50.6,No
CMR,2014,50.6,No
CMR,2015,50.6,No
CMR,2016,50.6,No
CMR,2017,50.6,No
CMR,2018,60,No
CMR,2019,60,No
CMR,2020,60,No
CMR,2021,60,No
CMR,2022,60,No
CMR,2023,60,No
CMR,2024,60,No
COD,1971,23.1,No
COD,1972,23.1,No
COD,1973,23.1,No
COD,1974,23.1,No
COD,1975,23.1,No
COD,1976,23.1,No
COD,1977,23.1,No
COD,1978,23.1,No
COD,1979,23.1,No
COD,1980,23.1,No
COD,1981,23.1,No
COD,1982,23.1,No
COD,1983,23.1,No
COD,1984,23.1,No
COD,1985,23.1,No
COD,1986,23.1,No
COD,1987,23.1,No
COD,1988,23.1,No
COD,1989,25.6,No
COD,1990,25.6,No
COD,1991,25.6,No
COD,1992,25.6,No
COD,1993,25.6,No
COD,1994,25.6,No
COD,1995,25.6,No
COD,1996,25.6,No
COD,1997,25.6,No
COD,1998,25.6,No
COD,1999,25.6,No
COD,2000,25.6,No
COD,2001,25.6,No
COD,2002,25.6,No
COD,2003,25.6,No
COD,2004,39.4,No
COD,2005,39.4,No
COD,2006,39.4,No
COD,2007,39.4,No
COD,2008,42.5,No
COD,2009,42.5,No
COD,2010,42.5,No
COD,2011,42.5,No
COD,2012,42.5,No
COD,2013,42.5,No
COD,2014,42.5,No
COD,2015,42.5,No
COD,2016,42.5,No
COD,2017,48.8,No
COD,2018,70,No
COD,2019,70,No
COD,2020,78.8,No
COD,2021,78.8,No
COD,2022,78.8,No
COD,2023,78.8,No
COD,2024,78.8,No
COG,1971,40,No
COG,1972,40,No
COG,1973,40,No
COG,1974,40,No
COG,1975,40,No
COG,1976,40,No
COG,1977,40,No
COG,1978,40,No
COG,1979,40,No
COG,1980,40,No
COG,1981,40,No
COG,1982,40,No
COG,1983,40,No
COG,1984,40,No
COG,1985,40,No
COG,1986,46.3,No
COG,1987,49.4,No
COG,1988,49.4,No
COG,1989,49.4,No
COG,1990,49.4,No
COG,1991,49.4,No
COG,1992,49.4,No
COG,1993,49.4,No
COG,1994,49.4,No
COG,1995,49.4,No
COG,1996,49.4,No
COG,1997,49.4,No
COG,1998,49.4,No
COG,1999,49.4,No
COG,2000,49.4,No
COG,2001,49.4,No
COG,2002,49.4,No
COG,2003,49.4,No
COG,2004,49.4,No
COG,2005,49.4,No
COG,2006,49.4,No
COG,2007,49.4,No
COG,2008,49.4,No
COG,2009,49.4,No
COG,2010,49.4,No
COG,2011,49.4,No
COG,2012,49.4,No
COG,2013,49.4,No
COG,2014,49.4,No
COG,2015,49.4,No
COG,2016,49.4,No
COG,2017,49.4,No
COG,2018,49.4,No
COG,2019,49.4,No
COG,2020,49.4,No
COG,2021,49.4,No
COG,2022,49.4,No
COG,2023,58.1,No
COG,2024,58.1,No
COL,1971,51.3,No
COL,1972,51.3,No
COL,1973,51.3,No
COL,1974,51.3,No
COL,1975,51.3,No
COL,1976,56.9,No
COL,1977,59.4,No
COL,1978,59.4,No
COL,1979,59.4,No
COL,1980,59.4,No
COL,1981,59.4,No
COL,1982,59.4,No
COL,1983,59.4,No
COL,1984,59.4,No
COL,1985,59.4,No
COL,1986,59.4,No
COL,1987,59.4,No
COL,1988,59.4,No
COL,1989,59.4,No
COL,1990,59.4,No
COL,1991,59.4,No
COL,1992,59.4,No
COL,1993,59.4,No
COL,1994,59.4,No
COL,1995,59.4,No
COL,1996,59.4,No
COL,1997,59.4,No
COL,1998,61.9,No
COL,1999,61.9,No
COL,2000,61.9,No
COL,2001,61.9,No
COL,2002,64.4,No
COL,2003,64.4,No
COL,2004,66.9,No
COL,2005,66.9,No
COL,2006,66.9,No
COL,2007,73.1,No
COL,2008,73.1,No
COL,2009,73.1,No
COL,2010,73.1,No
COL,2011,73.1,No
COL,2012,73.1,No
COL,2013,78.8,No
COL,2014,78.8,No
COL,2015,78.8,No
COL,2016,78.8,No
COL,2017,78.8,No
COL,2018,81.9,No
COL,2019,81.9,No
COL,2020,81.9,No
COL,2021,81.9,No
COL,2022,84.4,Yes
COL,2023,84.4,Yes
COL,2024,84.4,Yes
COM,1971,35.6,No
COM,1972,35.6,No
COM,1973,35.6,No
COM,1974,35.6,No
COM,1975,35.6,No
COM,1976,35.6,No
COM,1977,35.6,No
COM,1978,35.6,No
COM,1979,35.6,No
COM,1980,35.6,No
COM,1981,35.6,No
COM,1982,35.6,No
COM,1983,35.6,No
COM,1984,35.6,No
COM,1985,43.8,No
COM,1986,43.8,No
COM,1987,43.8,No
COM,1988,43.8,No
COM,1989,43.8,No
COM,1990,43.8,No
COM,1991,43.8,No
COM,1992,43.8,No
COM,1993,43.8,No
COM,1994,43.8,No
COM,1995,43.8,No
COM,1996,43.8,No
COM,1997,43.8,No
COM,1998,43.8,No
COM,1999,43.8,No
COM,2000,43.8,No
COM,2001,43.8,No
COM,2002,43.8,No
COM,2003,43.8,No
COM,2004,43.8,No
COM,2005,43.8,No
COM,2006,43.8,No
COM,2007,43.8,No
COM,2008,43.8,No
COM,2009,43.8,No
COM,2010,43.8,No
COM,2011,43.8,No
COM,2012,43.8,No
COM,2013,43.8,No
COM,2014,56.3,No
COM,2015,56.3,No
COM,2016,65,No
COM,2017,65,No
COM,2018,65,No
COM,2019,65,No
COM,2020,65,No
COM,2021,65,No
COM,2022,65,No
COM,2023,65,No
COM,2024,65,No
CPV,1971,36.9,No
CPV,1972,36.9,No
CPV,1973,36.9,No
CPV,1974,36.9,No
CPV,1975,36.9,No
CPV,1976,36.9,No
CPV,1977,36.9,No
CPV,1978,36.9,No
CPV,1979,36.9,No
CPV,1980,36.9,No
CPV,1981,36.9,No
CPV,1982,36.9,No
CPV,1983,57.5,No
CPV,1984,60.6,No
CPV,1985,60.6,No
CPV,1986,60.6,No
CPV,1987,60.6,No
CPV,1988,60.6,No
CPV,1989,60.6,No
CPV,1990,60.6,No
CPV,1991,60.6,No
CPV,1992,60.6,No
CPV,1993,60.6,No
CPV,1994,60.6,No
CPV,1995,60.6,No
CPV,1996,60.6,No
CPV,1997,60.6,No
CPV,1998,60.6,No
CPV,1999,63.1,No
CPV,2000,63.1,No
CPV,2001,63.1,No
CPV,2002,63.1,No
CPV,2003,63.1,No
CPV,2004,63.1,No
CPV,2005,78.1,No
CPV,2006,78.1,No
CPV,2007,78.1,No
CPV,2008,78.1,No
CPV,2009,86.3,No
CPV,2010,86.3,No
CPV,2011,86.3,No
CPV,2012,86.3,No
CPV,2013,86.3,No
CPV,2014,86.3,No
CPV,2015,86.3,No
CPV,2016,86.3,No
CPV,2017,86.3,No
CPV,2018,86.3,No
CPV,2019,86.3,No
CPV,2020,86.3,No
CPV,2021,86.3,No
CPV,2022,86.3,No
CPV,2023,86.3,No
CPV,2024,86.3,No
CRI,1971,55,No
CRI,1972,55,No
CRI,1973,55,No
CRI,1974,55,No
CRI,1975,63.1,No
CRI,1976,63.1,No
CRI,1977,63.1,No
CRI,1978,63.1,No
CRI,1979,63.1,No
CRI,1980,63.1,No
CRI,1981,63.1,No
CRI,1982,63.1,No
CRI,1983,63.1,No
CRI,1984,63.1,No
CRI,1985,63.1,No
CRI,1986,63.1,No
CRI,1987,65.6,No
CRI,1988,65.6,No
CRI,1989,65.6,No
CRI,1990,65.6,No
CRI,1991,65.6,No
CRI,1992,65.6,No
CRI,1993,65.6,No
CRI,1994,65.6,No
CRI,1995,65.6,No
CRI,1996,75,No
CRI,1997,77.5,No
CRI,1998,77.5,No
CRI,1999,77.5,No
CRI,2000,77.5,No
CRI,2001,77.5,No
CRI,2002,77.5,No
CRI,2003,77.5,No
CRI,2004,77.5,No
CRI,2005,77.5,No
CRI,2006,77.5,No
CRI,2007,77.5,No
CRI,2008,77.5,No
CRI,2009,80,No
CRI,2010,80,No
CRI,2011,80,No
CRI,2012,80,No
CRI,2013,80,No
CRI,2014,80,No
CRI,2015,80,No
CRI,2016,80,No
CRI,2017,80,No
CRI,2018,80,No
CRI,2019,80,No
CRI,2020,83.1,No
CRI,2021,86.3,No
CRI,2022,86.3,No
CRI,2023,91.9,No
CRI,2024,91.9,No
CYP,1971,60,No
CYP,1972,60,No
CYP,1973,60,No
CYP,1974,63.1,No
CYP,1975,63.1,No
CYP,1976,63.1,No
CYP,1977,63.1,No
CYP,1978,63.1,No
CYP,1979,63.1,No
CYP,1980,63.1,No
CYP,1981,63.1,No
CYP,1982,63.1,No
CYP,1983,63.1,No
CYP,1984,63.1,No
CYP,1985,63.1,No
CYP,1986,63.1,No
CYP,1987,63.1,No
CYP,1988,63.1,No
CYP,1989,68.1,No
CYP,1990,71.3,No
CYP,1991,71.3,No
CYP,1992,71.3,No
CYP,1993,73.8,No
CYP,1994,73.8,No
CYP,1995,73.8,No
CYP,1996,76.3,No
CYP,1997,76.3,No
CYP,1998,76.3,No
CYP,1999,76.3,No
CYP,2000,76.3,No
CYP,2001,76.3,No
CYP,2002,76.3,No
CYP,2003,76.3,No
CYP,2004,85.6,No
CYP,2005,85.6,No
CYP,2006,85.6,No
CYP,2007,85.6,No
CYP,2008,85.6,No
CYP,2009,88.8,No
CYP,2010,88.8,No
CYP,2011,88.8,No
CYP,2012,88.8,No
CYP,2013,88.8,No
CYP,2014,88.8,No
CYP,2015,88.8,No
CYP,2016,88.8,No
CYP,2017,88.8,No
CYP,2018,88.8,No
CYP,2019,91.3,No
CYP,2020,91.3,No
CYP,2021,91.3,No
CYP,2022,94.4,No
CYP,2023,94.4,No
CYP,2024,96.9,Yes
CZE,1971,64.4,No
CZE,1972,64.4,No
CZE,1973,64.4,No
CZE,1974,64.4,No
CZE,1975,64.4,No
CZE,1976,64.4,No
CZE,1977,64.4,No
CZE,1978,64.4,No
CZE,1979,64.4,No
CZE,1980,64.4,No
CZE,1981,64.4,No
CZE,1982,67.5,No
CZE,1983,67.5,No
CZE,1984,67.5,No
CZE,1985,67.5,No
CZE,1986,67.5,No
CZE,1987,67.5,No
CZE,1988,67.5,No
CZE,1989,67.5,No
CZE,1990,67.5,No
CZE,1991,67.5,No
CZE,1992,70,Yes
CZE,1993,70,Yes
CZE,1994,70,Yes
CZE,1995,73.1,Yes
CZE,1996,73.1,Yes
CZE,1997,73.1,Yes
CZE,1998,73.1,Yes
CZE,1999,73.1,Yes
CZE,2000,73.1,Yes
CZE,2001,73.1,Yes
CZE,2002,73.1,Yes
CZE,2003,73.1,Yes
CZE,2004,73.1,Yes
CZE,2005,73.1,Yes
CZE,2006,73.1,Yes
CZE,2007,75.6,Yes
CZE,2008,81.9,Yes
CZE,2009,85,Yes
CZE,2010,88.1,Yes
CZE,2011,88.1,Yes
CZE,2012,88.1,Yes
CZE,2013,91.3,Yes
CZE,2014,91.3,Yes
CZE,2015,91.3,Yes
CZE,2016,91.3,Yes
CZE,2017,91.3,Yes
CZE,2018,91.3,Yes
CZE,2019,93.8,Yes
CZE,2020,93.8,Yes
CZE,2021,93.8,Yes
CZE,2022,93.8,Yes
CZE,2023,93.8,Yes
CZE,2024,93.8,Yes
DEU,1971,62.5,No
DEU,1972,62.5,No
DEU,1973,62.5,No
DEU,1974,62.5,No
DEU,1975,62.5,No
DEU,1976,62.5,No
DEU,1977,62.5,No
DEU,1978,65.6,No
DEU,1979,65.6,No
DEU,1980,65.6,No
DEU,1981,65.6,No
DEU,1982,65.6,No
DEU,1983,65.6,No
DEU,1984,65.6,No
DEU,1985,65.6,No
DEU,1986,65.6,No
DEU,1987,71.3,Yes
DEU,1988,71.3,Yes
DEU,1989,71.3,Yes
DEU,1990,71.3,Yes
DEU,1991,71.3,Yes
DEU,1992,71.3,Yes
DEU,1993,71.3,Yes
DEU,1994,71.3,Yes
DEU,1995,71.3,Yes
DEU,1996,74.4,Yes
DEU,1997,74.4,Yes
DEU,1998,74.4,Yes
DEU,1999,76.9,Yes
DEU,2000,76.9,Yes
DEU,2001,76.9,Yes
DEU,2002,76.9,Yes
DEU,2003,79.4,Yes
DEU,2004,79.4,Yes
DEU,2005,79.4,Yes
DEU,2006,79.4,Yes
DEU,2007,81.9,Yes
DEU,2008,93.8,Yes
DEU,2009,93.8,Yes
DEU,2010,96.9,Yes
DEU,2011,96.9,Yes
DEU,2012,96.9,Yes
DEU,2013,96.9,Yes
DEU,2014,96.9,Yes
DEU,2015,96.9,Yes
DEU,2016,96.9,Yes
DEU,2017,96.9,Yes
DEU,2018,96.9,Yes
DEU,2019,100,Yes
DEU,2020,100,Yes
DEU,2021,100,Yes
DEU,2022,100,Yes
DEU,2023,100,Yes
DEU,2024,100,Yes
DJI,1971,43.8,No
DJI,1972,43.8,No
DJI,1973,43.8,No
DJI,1974,43.8,No
DJI,1975,43.8,No
DJI,1976,43.8,No
DJI,1977,43.8,No
DJI,1978,43.8,No
DJI,1979,43.8,No
DJI,1980,43.8,No
DJI,1981,43.8,No
DJI,1982,43.8,No
DJI,1983,43.8,No
DJI,1984,43.8,No
DJI,1985,43.8,No
DJI,1986,43.8,No
DJI,1987,43.8,No
DJI,1988,43.8,No
DJI,1989,43.8,No
DJI,1990,43.8,No
DJI,1991,50,No
DJI,1992,50,No
DJI,1993,50,No
DJI,1994,50,No
DJI,1995,50,No
DJI,1996,53.1,No
DJI,1997,53.1,No
DJI,1998,53.1,No
DJI,1999,53.1,No
DJI,2000,53.1,No
DJI,2001,53.1,No
DJI,2002,53.1,No
DJI,2003,53.1,No
DJI,2004,53.1,No
DJI,2005,53.1,No
DJI,2006,53.1,No
DJI,2007,59.4,No
DJI,2008,59.4,No
DJI,2009,59.4,No
DJI,2010,62.5,No
DJI,2011,62.5,No
DJI,2012,62.5,No
DJI,2013,62.5,No
DJI,2014,62.5,No
DJI,2015,62.5,No
DJI,2016,62.5,No
DJI,2017,62.5,No
DJI,2018,62.5,No
DJI,2019,65,No
DJI,2020,71.3,No
DJI,2021,71.3,No
DJI,2022,71.3,No
DJI,2023,71.3,No
DJI,2024,71.3,No
DMA,1971,45.6,No
DMA,1972,45.6,No
DMA,1973,45.6,No
DMA,1974,50.6,No
DMA,1975,53.8,No
DMA,1976,53.8,No
DMA,1977,60,No
DMA,1978,60,No
DMA,1979,60,No
DMA,1980,60,No
DMA,1981,60,No
DMA,1982,60,No
DMA,1983,60,No
DMA,1984,60,No
DMA,1985,60,No
DMA,1986,60,No
DMA,1987,60,No
DMA,1988,60,No
DMA,1989,60,No
DMA,1990,60,No
DMA,1991,60,No
DMA,1992,60,No
DMA,1993,60,No
DMA,1994,60,No
DMA,1995,60,No
DMA,1996,60,No
DMA,1997,60,No
DMA,1998,60,No
DMA,1999,60,No
DMA,2000,60,No
DMA,2001,60,No
DMA,2002,60,No
DMA,2003,62.5,No
DMA,2004,62.5,No
DMA,2005,62.5,No
DMA,2006,62.5,No
DMA,2007,62.5,No
DMA,2008,62.5,No
DMA,2009,62.5,No
DMA,2010,62.5,No
DMA,2011,62.5,No
DMA,2012,62.5,No
DMA,2013,62.5,No
DMA,2014,62.5,No
DMA,2015,62.5,No
DMA,2016,62.5,No
DMA,2017,62.5,No
DMA,2018,62.5,No
DMA,2019,62.5,No
DMA,2020,62.5,No
DMA,2021,62.5,No
DMA,2022,62.5,No
DMA,2023,62.5,No
DMA,2024,62.5,No
DNK,1971,71.3,No
DNK,1972,71.3,No
DNK,1973,71.3,No
DNK,1974,71.3,No
DNK,1975,71.3,No
DNK,1976,71.3,No
DNK,1977,71.3,No
DNK,1978,71.3,No
DNK,1979,71.3,No
DNK,1980,71.3,No
DNK,1981,71.3,No
DNK,1982,71.3,No
DNK,1983,71.3,No
DNK,1984,71.3,No
DNK,1985,71.3,No
DNK,1986,76.3,Yes
DNK,1987,76.3,Yes
DNK,1988,76.3,Yes
DNK,1989,76.3,Yes
DNK,1990,78.8,Yes
DNK,1991,78.8,Yes
DNK,1992,78.8,Yes
DNK,1993,81.9,Yes
DNK,1994,81.9,Yes
DNK,1995,81.9,Yes
DNK,1996,81.9,Yes
DNK,1997,81.9,Yes
DNK,1998,81.9,Yes
DNK,1999,85,Yes
DNK,2000,85,Yes
DNK,2001,91.3,Yes
DNK,2002,91.3,Yes
DNK,2003,91.3,Yes
DNK,2004,91.3,Yes
DNK,2005,91.3,Yes
DNK,2006,91.3,Yes
DNK,2007,91.3,Yes
DNK,2008,91.3,Yes
DNK,2009,94.4,Yes
DNK,2010,97.5,Yes
DNK,2011,97.5,Yes
DNK,2012,97.5,Yes
DNK,2013,100,Yes
DNK,2014,100,Yes
DNK,2015,100,Yes
DNK,2016,100,Yes
DNK,2017,100,Yes
DNK,2018,100,Yes
DNK,2019,100,Yes
DNK,2020,100,Yes
DNK,2021,100,Yes
DNK,2022,100,Yes
DNK,2023,100,Yes
DNK,2024,100,Yes
DOM,1971,37.5,No
DOM,1972,37.5,No
DOM,1973,37.5,No
DOM,1974,37.5,No
DOM,1975,37.5,No
DOM,1976,37.5,No
DOM,1977,37.5,No
DOM,1978,37.5,No
DOM,1979,37.5,No
DOM,1980,55.6,No
DOM,1981,55.6,No
DOM,1982,55.6,No
DOM,1983,55.6,No
DOM,1984,55.6,No
DOM,1985,55.6,No
DOM,1986,55.6,No
DOM,1987,55.6,No
DOM,1988,55.6,No
DOM,1989,55.6,No
DOM,1990,55.6,No
DOM,1991,55.6,No
DOM,1992,55.6,No
DOM,1993,67.5,No
DOM,1994,67.5,No
DOM,1995,67.5,No
DOM,1996,67.5,No
DOM,1997,67.5,No
DOM,1998,73.1,No
DOM,1999,73.1,No
DOM,2000,73.1,No
DOM,2001,73.1,No
DOM,2002,73.1,No
DOM,2003,78.1,No
DOM,2004,78.1,No
DOM,2005,78.1,No
DOM,2006,78.1,No
DOM,2007,78.1,No
DOM,2008,78.1,No
DOM,2009,78.1,No
DOM,2010,78.1,No
DOM,2011,78.1,No
DOM,2012,78.1,No
DOM,2013,78.1,No
DOM,2014,78.1,No
DOM,2015,78.1,No
DOM,2016,83.8,No
DOM,2017,83.8,No
DOM,2018,86.3,No
DOM,2019,86.3,No
DOM,2020,86.3,No
DOM,2021,86.3,No
DOM,2022,86.3,No
DOM,2023,86.3,No
DOM,2024,86.3,No
DZA,1971,30,No
DZA,1972,30,No
DZA,1973,30,No
DZA,1974,30,No
DZA,1975,30,No
DZA,1976,32.5,No
DZA,1977,32.5,No
DZA,1978,32.5,No
DZA,1979,32.5,No
DZA,1980,32.5,No
DZA,1981,32.5,No
DZA,1982,32.5,No
DZA,1983,32.5,No
DZA,1984,32.5,No
DZA,1985,35,No
DZA,1986,35,No
DZA,1987,35,No
DZA,1988,35,No
DZA,1989,35,No
DZA,1990,35,No
DZA,1991,40.6,No
DZA,1992,40.6,No
DZA,1993,40.6,No
DZA,1994,40.6,No
DZA,1995,40.6,No
DZA,1996,40.6,No
DZA,1997,40.6,No
DZA,1998,40.6,No
DZA,1999,40.6,No
DZA,2000,40.6,No
DZA,2001,40.6,No
DZA,2002,40.6,No
DZA,2003,40.6,No
DZA,2004,40.6,No
DZA,2005,40.6,No
DZA,2006,55,No
DZA,2007,55,No
DZA,2008,55,No
DZA,2009,55,No
DZA,2010,55,No
DZA,2011,55,No
DZA,2012,55,No
DZA,2013,55,No
DZA,2014,55,No
DZA,2015,55,No
DZA,2016,55,No
DZA,2017,57.5,No
DZA,2018,57.5,No
DZA,2019,57.5,No
DZA,2020,57.5,No
DZA,2021,57.5,No
DZA,2022,57.5,No
DZA,2023,57.5,No
DZA,2024,57.5,No
ECU,1971,34.4,No
ECU,1972,51.9,No
ECU,1973,51.9,No
ECU,1974,51.9,No
ECU,1975,51.9,No
ECU,1976,51.9,No
ECU,1977,51.9,No
ECU,1978,51.9,No
ECU,1979,51.9,No
ECU,1980,51.9,No
ECU,1981,51.9,No
ECU,1982,51.9,No
ECU,1983,51.9,No
ECU,1984,51.9,No
ECU,1985,51.9,No
ECU,1986,51.9,No
ECU,1987,51.9,No
ECU,1988,51.9,No
ECU,1989,51.9,No
ECU,1990,58.1,No
ECU,1991,63.8,No
ECU,1992,63.8,No
ECU,1993,63.8,No
ECU,1994,63.8,No
ECU,1995,63.8,No
ECU,1996,63.8,No
ECU,1997,66.3,No
ECU,1998,66.3,No
ECU,1999,66.3,No
ECU,2000,75.6,No
ECU,2001,75.6,No
ECU,2002,75.6,No
ECU,2003,78.8,No
ECU,2004,78.8,No
ECU,2005,78.8,No
ECU,2006,78.8,No
ECU,2007,81.3,No
ECU,2008,81.3,No
ECU,2009,81.3,No
ECU,2010,84.4,No
ECU,2011,84.4,No
ECU,2012,84.4,No
ECU,2013,84.4,No
ECU,2014,84.4,No
ECU,2015,84.4,No
ECU,2016,84.4,No
ECU,2017,89.4,No
ECU,2018,89.4,No
ECU,2019,89.4,No
ECU,2020,89.4,No
ECU,2021,89.4,No
ECU,2022,89.4,No
ECU,2023,89.4,No
ECU,2024,89.4,No
EGY,1971,29.4,No
EGY,1972,29.4,No
EGY,1973,29.4,No
EGY,1974,29.4,No
EGY,1975,29.4,No
EGY,1976,29.4,No
EGY,1977,29.4,No
EGY,1978,29.4,No
EGY,1979,29.4,No
EGY,1980,29.4,No
EGY,1981,29.4,No
EGY,1982,29.4,No
EGY,1983,29.4,No
EGY,1984,29.4,No
EGY,1985,29.4,No
EGY,1986,29.4,No
EGY,1987,26.9,No
EGY,1988,26.9,No
EGY,1989,26.9,No
EGY,1990,26.9,No
EGY,1991,26.9,No
EGY,1992,26.9,No
EGY,1993,26.9,No
EGY,1994,26.9,No
EGY,1995,26.9,No
EGY,1996,26.9,No
EGY,1997,30,No
EGY,1998,30,No
EGY,1999,30,No
EGY,2000,30,No
EGY,2001,30,No
EGY,2002,33.1,No
EGY,2003,33.1,No
EGY,2004,38.8,No
EGY,2005,38.8,No
EGY,2006,38.8,No
EGY,2007,38.8,No
EGY,2008,38.8,No
EGY,2009,38.8,No
EGY,2010,38.8,No
EGY,2011,38.8,No
EGY,2012,38.8,No
EGY,2013,38.8,No
EGY,2014,38.8,No
EGY,2015,38.8,No
EGY,2016,45,No
EGY,2017,45,No
EGY,2018,45,No
EGY,2019,45,No
EGY,2020,45,No
EGY,2021,45,No
EGY,2022,50.6,No
EGY,2023,50.6,No
EGY,2024,50.6,No
ERI,1971,50.6,No
ERI,1972,50.6,No
ERI,1973,50.6,No
ERI,1974,50.6,No
ERI,1975,50.6,No
ERI,1976,50.6,No
ERI,1977,50.6,No
ERI,1978,50.6,No
ERI,1979,50.6,No
ERI,1980,50.6,No
ERI,1981,50.6,No
ERI,1982,50.6,No
ERI,1983,50.6,No
ERI,1984,50.6,No
ERI,1985,50.6,No
ERI,1986,50.6,No
ERI,1987,50.6,No
ERI,1988,50.6,No
ERI,1989,50.6,No
ERI,1990,50.6,No
ERI,1991,50.6,No
ERI,1992,50.6,No
ERI,1993,63.8,No
ERI,1994,63.1,No
ERI,1995,63.1,No
ERI,1996,63.1,No
ERI,1997,63.1,No
ERI,1998,63.1,No
ERI,1999,63.1,No
ERI,2000,63.1,No
ERI,2001,63.1,No
ERI,2002,63.1,No
ERI,2003,69.4,No
ERI,2004,69.4,No
ERI,2005,69.4,No
ERI,2006,69.4,No
ERI,2007,69.4,No
ERI,2008,69.4,No
ERI,2009,69.4,No
ERI,2010,69.4,No
ERI,2011,69.4,No
ERI,2012,69.4,No
ERI,2013,69.4,No
ERI,2014,69.4,No
ERI,2015,69.4,No
ERI,2016,69.4,No
ERI,2017,69.4,No
ERI,2018,69.4,No
ERI,2019,69.4,No
ERI,2020,69.4,No
ERI,2021,69.4,No
ERI,2022,69.4,No
ERI,2023,69.4,No
ERI,2024,69.4,No
ESP,1971,33.8,No
ESP,1972,33.8,No
ESP,1973,33.8,No
ESP,1974,33.8,No
ESP,1975,33.8,No
ESP,1976,51.9,No
ESP,1977,54.4,No
ESP,1978,54.4,No
ESP,1979,57.5,No
ESP,1980,57.5,No
ESP,1981,60.6,No
ESP,1982,60.6,No
ESP,1983,73.8,No
ESP,1984,73.8,No
ESP,1985,73.8,No
ESP,1986,73.8,No
ESP,1987,73.8,No
ESP,1988,73.8,No
ESP,1989,73.8,No
ESP,1990,73.8,No
ESP,1991,73.8,No
ESP,1992,73.8,No
ESP,1993,73.8,No
ESP,1994,73.8,No
ESP,1995,76.9,No
ESP,1996,79.4,No
ESP,1997,94.4,No
ESP,1998,94.4,No
ESP,1999,94.4,No
ESP,2000,94.4,No
ESP,2001,94.4,No
ESP,2002,94.4,No
ESP,2003,94.4,No
ESP,2004,94.4,No
ESP,2005,94.4,No
ESP,2006,94.4,No
ESP,2007,94.4,No
ESP,2008,97.5,No
ESP,2009,97.5,No
ESP,2010,97.5,No
ESP,2011,97.5,No
ESP,2012,97.5,No
ESP,2013,97.5,No
ESP,2014,97.5,No
ESP,2015,97.5,No
ESP,2016,97.5,No
ESP,2017,97.5,No
ESP,2018,97.5,No
ESP,2019,97.5,No
ESP,2020,97.5,No
ESP,2021,97.5,No
ESP,2022,100,Yes
ESP,2023,100,Yes
ESP,2024,100,Yes
EST,1971,55.6,No
EST,1972,55,No
EST,1973,55,No
EST,1974,55,No
EST,1975,55,No
EST,1976,55,No
EST,1977,55,No
EST,1978,55,No
EST,1979,55,No
EST,1980,55,No
EST,1981,55,No
EST,1982,55,No
EST,1983,55,No
EST,1984,55,No
EST,1985,55,No
EST,1986,55,No
EST,1987,55,No
EST,1988,55,No
EST,1989,55,No
EST,1990,55,No
EST,1991,55,No
EST,1992,55,No
EST,1993,58.1,No
EST,1994,63.8,Yes
EST,1995,63.8,Yes
EST,1996,63.8,Yes
EST,1997,63.8,Yes
EST,1998,63.8,Yes
EST,1999,63.8,Yes
EST,2000,63.8,Yes
EST,2001,63.8,Yes
EST,2002,63.8,Yes
EST,2003,66.3,Yes
EST,2004,69.4,Yes
EST,2005,81.9,Yes
EST,2006,81.9,Yes
EST,2007,81.9,Yes
EST,2008,81.9,Yes
EST,2009,81.9,Yes
EST,2010,88.1,Yes
EST,2011,91.3,Yes
EST,2012,91.3,Yes
EST,2013,91.3,Yes
EST,2014,91.3,Yes
EST,2015,91.3,Yes
EST,2016,91.3,Yes
EST,2017,91.3,Yes
EST,2018,97.5,Yes
EST,2019,97.5,Yes
EST,2020,97.5,Yes
EST,2021,97.5,Yes
EST,2022,97.5,Yes
EST,2023,97.5,Yes
EST,2024,97.5,Yes
ETH,1971,50.6,No
ETH,1972,50.6,No
ETH,1973,50.6,No
ETH,1974,50.6,No
ETH,1975,50.6,No
ETH,1976,50.6,No
ETH,1977,50.6,No
ETH,1978,50.6,No
ETH,1979,50.6,No
ETH,1980,50.6,No
ETH,1981,50.6,No
ETH,1982,50.6,No
ETH,1983,50.6,No
ETH,1984,50.6,No
ETH,1985,50.6,No
ETH,1986,50.6,No
ETH,1987,50.6,No
ETH,1988,50.6,No
ETH,1989,50.6,No
ETH,1990,50.6,No
ETH,1991,50.6,No
ETH,1992,50.6,No
ETH,1993,50.6,No
ETH,1994,50,No
ETH,1995,50,No
ETH,1996,50,No
ETH,1997,50,No
ETH,1998,50,No
ETH,1999,50,No
ETH,2000,50,No
ETH,2001,50,No
ETH,2002,63.1,No
ETH,2003,63.1,No
ETH,2004,63.1,No
ETH,2005,63.1,No
ETH,2006,65.6,No
ETH,2007,65.6,No
ETH,2008,65.6,No
ETH,2009,65.6,No
ETH,2010,65.6,No
ETH,2011,65.6,No
ETH,2012,65.6,No
ETH,2013,71.9,No
ETH,2014,71.9,No
ETH,2015,71.9,No
ETH,2016,71.9,No
ETH,2017,71.9,No
ETH,2018,71.9,No
ETH,2019,71.9,No
ETH,2020,71.9,No
ETH,2021,80,No
ETH,2022,80,No
ETH,2023,80,No
ETH,2024,80,No
FIN,1971,65.6,No
FIN,1972,65.6,No
FIN,1973,65.6,No
FIN,1974,65.6,No
FIN,1975,65.6,No
FIN,1976,68.1,No
FIN,1977,68.1,No
FIN,1978,68.1,No
FIN,1979,73.1,Yes
FIN,1980,73.1,Yes
FIN,1981,73.1,Yes
FIN,1982,73.1,Yes
FIN,1983,73.1,Yes
FIN,1984,73.1,Yes
FIN,1985,73.1,Yes
FIN,1986,73.1,Yes
FIN,1987,73.1,Yes
FIN,1988,79.4,Yes
FIN,1989,79.4,Yes
FIN,1990,82.5,Yes
FIN,1991,82.5,Yes
FIN,1992,82.5,Yes
FIN,1993,82.5,Yes
FIN,1994,82.5,Yes
FIN,1995,82.5,Yes
FIN,1996,82.5,Yes
FIN,1997,82.5,Yes
FIN,1998,82.5,Yes
FIN,1999,82.5,Yes
FIN,2000,85,Yes
FIN,2001,85,Yes
FIN,2002,85,Yes
FIN,2003,85,Yes
FIN,2004,85,Yes
FIN,2005,85,Yes
FIN,2006,94.4,Yes
FIN,2007,94.4,Yes
FIN,2008,94.4,Yes
FIN,2009,94.4,Yes
FIN,2010,97.5,Yes
FIN,2011,97.5,Yes
FIN,2012,97.5,Yes
FIN,2013,97.5,Yes
FIN,2014,97.5,Yes
FIN,2015,97.5,Yes
FIN,2016,97.5,Yes
FIN,2017,97.5,Yes
FIN,2018,97.5,Yes
FIN,2019,97.5,Yes
FIN,2020,97.5,Yes
FIN,2021,97.5,Yes
FIN,2022,97.5,Yes
FIN,2023,97.5,Yes
FIN,2024,97.5,Yes
FJI,1971,51.3,No
FJI,1972,51.3,No
FJI,1973,51.3,No
FJI,1974,51.3,No
FJI,1975,51.3,No
FJI,1976,51.3,No
FJI,1977,51.3,No
FJI,1978,51.3,No
FJI,1979,51.3,No
FJI,1980,51.3,No
FJI,1981,51.3,No
FJI,1982,51.3,No
FJI,1983,51.3,No
FJI,1984,51.3,No
FJI,1985,51.3,No
FJI,1986,51.3,No
FJI,1987,51.3,No
FJI,1988,51.3,No
FJI,1989,51.3,No
FJI,1990,51.3,No
FJI,1991,51.3,No
FJI,1992,51.3,No
FJI,1993,51.3,No
FJI,1994,51.3,No
FJI,1995,51.3,No
FJI,1996,51.3,No
FJI,1997,51.3,No
FJI,1998,51.3,No
FJI,1999,51.3,No
FJI,2000,57.5,No
FJI,2001,57.5,No
FJI,2002,57.5,No
FJI,2003,57.5,No
FJI,2004,57.5,No
FJI,2005,57.5,No
FJI,2006,57.5,No
FJI,2007,60,No
FJI,2008,60,No
FJI,2009,71.9,No
FJI,2010,71.9,No
FJI,2011,74.4,No
FJI,2012,74.4,No
FJI,2013,74.4,No
FJI,2014,74.4,No
FJI,2015,74.4,No
FJI,2016,74.4,No
FJI,2017,74.4,No
FJI,2018,74.4,No
FJI,2019,74.4,No
FJI,2020,79.4,No
FJI,2021,82.5,No
FJI,2022,82.5,No
FJI,2023,82.5,No
FJI,2024,82.5,No
FRA,1971,53.8,No
FRA,1972,56.3,No
FRA,1973,56.3,No
FRA,1974,59.4,No
FRA,1975,59.4,No
FRA,1976,59.4,No
FRA,1977,62.5,No
FRA,1978,62.5,No
FRA,1979,62.5,No
FRA,1980,62.5,No
FRA,1981,62.5,No
FRA,1982,62.5,No
FRA,1983,62.5,No
FRA,1984,65.6,No
FRA,1985,65.6,No
FRA,1986,65.6,No
FRA,1987,70.6,No
FRA,1988,73.8,No
FRA,1989,76.9,No
FRA,1990,76.9,No
FRA,1991,76.9,No
FRA,1992,76.9,No
FRA,1993,76.9,No
FRA,1994,86.3,No
FRA,1995,86.3,No
FRA,1996,86.3,No
FRA,1997,86.3,No
FRA,1998,86.3,No
FRA,1999,86.3,No
FRA,2000,86.3,No
FRA,2001,86.3,No
FRA,2002,89.4,No
FRA,2003,89.4,No
FRA,2004,89.4,No
FRA,2005,91.9,No
FRA,2006,91.9,No
FRA,2007,94.4,No
FRA,2008,97.5,No
FRA,2009,97.5,No
FRA,2010,97.5,No
FRA,2011,97.5,No
FRA,2012,97.5,No
FRA,2013,97.5,No
FRA,2014,97.5,No
FRA,2015,97.5,No
FRA,2016,97.5,No
FRA,2017,97.5,No
FRA,2018,100,Yes
FRA,2019,100,Yes
FRA,2020,100,Yes
FRA,2021,100,Yes
FRA,2022,100,Yes
FRA,2023,100,Yes
FRA,2024,100,Yes
FSM,1971,58.8,No
FSM,1972,58.8,No
FSM,1973,58.8,No
FSM,1974,58.8,No
FSM,1975,58.8,No
FSM,1976,58.8,No
FSM,1977,58.8,No
FSM,1978,58.8,No
FSM,1979,58.8,No
FSM,1980,58.8,No
FSM,1981,58.8,No
FSM,1982,58.8,No
FSM,1983,58.8,No
FSM,1984,58.8,No
FSM,1985,58.8,No
FSM,1986,58.8,No
FSM,1987,58.8,No
FSM,1988,58.8,No
FSM,1989,58.8,No
FSM,1990,58.8,No
FSM,1991,58.8,No
FSM,1992,58.8,No
FSM,1993,58.8,No
FSM,1994,58.8,No
FSM,1995,58.8,No
FSM,1996,58.8,No
FSM,1997,58.8,No
FSM,1998,58.8,No
FSM,1999,58.8,No
FSM,2000,58.8,No
FSM,2001,58.8,No
FSM,2002,58.8,No
FSM,2003,58.8,No
FSM,2004,58.8,No
FSM,2005,58.8,No
FSM,2006,58.8,No
FSM,2007,58.8,No
FSM,2008,58.8,No
FSM,2009,58.8,No
FSM,2010,58.8,No
FSM,2011,58.8,No
FSM,2012,58.8,No
FSM,2013,58.8,No
FSM,2014,58.8,No
FSM,2015,58.8,No
FSM,2016,58.8,No
FSM,2017,58.8,No
FSM,2018,58.8,No
FSM,2019,61.3,No
FSM,2020,61.3,No
FSM,2021,61.3,No
FSM,2022,61.3,No
FSM,2023,61.3,No
FSM,2024,61.3,No
GAB,1971,43.1,No
GAB,1972,43.1,No
GAB,1973,43.1,No
GAB,1974,43.1,No
GAB,1975,43.1,No
GAB,1976,43.1,No
GAB,1977,43.1,No
GAB,1978,43.1,No
GAB,1979,43.1,No
GAB,1980,43.1,No
GAB,1981,43.1,No
GAB,1982,43.1,No
GAB,1983,43.1,No
GAB,1984,43.1,No
GAB,1985,45.6,No
GAB,1986,45.6,No
GAB,1987,45.6,No
GAB,1988,45.6,No
GAB,1989,45.6,No
GAB,1990,45.6,No
GAB,1991,45.6,No
GAB,1992,45.6,No
GAB,1993,45.6,No
GAB,1994,45.6,No
GAB,1995,45.6,No
GAB,1996,51.3,No
GAB,1997,51.3,No
GAB,1998,51.3,No
GAB,1999,51.3,No
GAB,2000,51.3,No
GAB,2001,51.3,No
GAB,2002,51.3,No
GAB,2003,51.3,No
GAB,2004,51.3,No
GAB,2005,51.3,No
GAB,2006,51.3,No
GAB,2007,51.3,No
GAB,2008,51.3,No
GAB,2009,51.3,No
GAB,2010,51.3,No
GAB,2011,51.3,No
GAB,2012,51.3,No
GAB,2013,51.3,No
GAB,2014,51.3,No
GAB,2015,51.3,No
GAB,2016,51.3,No
GAB,2017,51.3,No
GAB,2018,57.5,No
GAB,2019,57.5,No
GAB,2020,57.5,No
GAB,2021,57.5,No
GAB,2022,82.5,No
GAB,2023,95,No
GAB,2024,95,No
GBR,1971,51.9,No
GBR,1972,51.9,No
GBR,1973,51.9,No
GBR,1974,56.9,No
GBR,1975,60,No
GBR,1976,63.1,No
GBR,1977,69.4,No
GBR,1978,69.4,No
GBR,1979,69.4,No
GBR,1980,69.4,No
GBR,1981,69.4,No
GBR,1982,69.4,No
GBR,1983,72.5,No
GBR,1984,72.5,No
GBR,1985,72.5,No
GBR,1986,72.5,No
GBR,1987,72.5,No
GBR,1988,75,No
GBR,1989,75,No
GBR,1990,75,No
GBR,1991,78.1,No
GBR,1992,78.1,No
GBR,1993,78.1,No
GBR,1994,78.1,No
GBR,1995,78.1,No
GBR,1996,78.1,No
GBR,1997,81.3,No
GBR,1998,83.8,No
GBR,1999,83.8,No
GBR,2000,83.8,No
GBR,2001,86.3,No
GBR,2002,86.3,No
GBR,2003,86.3,No
GBR,2004,88.8,No
GBR,2005,88.8,No
GBR,2006,88.8,No
GBR,2007,91.9,No
GBR,2008,91.9,No
GBR,2009,91.9,No
GBR,2010,91.9,No
GBR,2011,95,No
GBR,2012,95,No
GBR,2013,95,No
GBR,2014,95,No
GBR,2015,95,No
GBR,2016,97.5,Yes
GBR,2017,97.5,Yes
GBR,2018,97.5,Yes
GBR,2019,97.5,Yes
GBR,2020,97.5,Yes
GBR,2021,97.5,Yes
GBR,2022,97.5,Yes
GBR,2023,97.5,Yes
GBR,2024,97.5,Yes
GEO,1971,55.6,No
GEO,1972,55,No
GEO,1973,58.1,No
GEO,1974,58.1,No
GEO,1975,61.3,No
GEO,1976,61.3,No
GEO,1977,61.3,No
GEO,1978,61.3,No
GEO,1979,61.3,No
GEO,1980,61.3,No
GEO,1981,61.3,No
GEO,1982,61.3,No
GEO,1983,61.3,No
GEO,1984,61.3,No
GEO,1985,61.3,No
GEO,1986,61.3,No
GEO,1987,61.3,No
GEO,1988,61.3,No
GEO,1989,58.1,No
GEO,1990,58.1,No
GEO,1991,58.1,No
GEO,1992,58.1,No
GEO,1993,58.1,No
GEO,1994,61.3,No
GEO,1995,61.3,No
GEO,1996,61.3,No
GEO,1997,61.3,No
GEO,1998,61.3,No
GEO,1999,61.3,No
GEO,2000,61.3,No
GEO,2001,61.3,No
GEO,2002,61.3,No
GEO,2003,61.3,No
GEO,2004,61.3,No
GEO,2005,64.4,No
GEO,2006,64.4,No
GEO,2007,76.3,No
GEO,2008,76.3,No
GEO,2009,76.3,No
GEO,2010,76.3,No
GEO,2011,79.4,No
GEO,2012,79.4,No
GEO,2013,79.4,No
GEO,2014,79.4,No
GEO,2015,79.4,No
GEO,2016,79.4,No
GEO,2017,79.4,No
GEO,2018,79.4,No
GEO,2019,79.4,No
GEO,2020,85.6,No
GEO,2021,85.6,No
GEO,2022,88.1,Yes
GEO,2023,88.1,Yes
GEO,2024,88.1,Yes
GHA,1971,46.3,No
GHA,1972,46.3,No
GHA,1973,49.4,No
GHA,1974,49.4,No
GHA,1975,49.4,No
GHA,1976,49.4,No
GHA,1977,49.4,No
GHA,1978,49.4,No
GHA,1979,49.4,No
GHA,1980,49.4,No
GHA,1981,49.4,No
GHA,1982,49.4,No
GHA,1983,49.4,No
GHA,1984,49.4,No
GHA,1985,49.4,No
GHA,1986,49.4,No
GHA,1987,54.4,No
GHA,1988,54.4,No
GHA,1989,54.4,No
GHA,1990,54.4,No
GHA,1991,54.4,No
GHA,1992,57.5,No
GHA,1993,57.5,No
GHA,1994,57.5,No
GHA,1995,57.5,No
GHA,1996,57.5,No
GHA,1997,57.5,No
GHA,1998,57.5,No
GHA,1999,57.5,No
GHA,2000,57.5,No
GHA,2001,57.5,No
GHA,2002,57.5,No
GHA,2003,57.5,No
GHA,2004,57.5,No
GHA,2005,72.5,No
GHA,2006,72.5,No
GHA,2007,72.5,No
GHA,2008,75,No
GHA,2009,75,No
GHA,2010,75,No
GHA,2011,75,No
GHA,2012,75,No
GHA,2013,75,No
GHA,2014,75,No
GHA,2015,75,No
GHA,2016,75,No
GHA,2017,75,No
GHA,2018,75,No
GHA,2019,75,No
GHA,2020,75,No
GHA,2021,75,No
GHA,2022,75,No
GHA,2023,75,No
GHA,2024,75,No
GIN,1971,41.3,No
GIN,1972,41.3,No
GIN,1973,41.3,No
GIN,1974,41.3,No
GIN,1975,41.3,No
GIN,1976,41.3,No
GIN,1977,41.3,No
GIN,1978,41.3,No
GIN,1979,41.3,No
GIN,1980,41.3,No
GIN,1981,41.3,No
GIN,1982,41.3,No
GIN,1983,41.3,No
GIN,1984,41.3,No
GIN,1985,41.3,No
GIN,1986,41.3,No
GIN,1987,41.3,No
GIN,1988,41.3,No
GIN,1989,46.9,No
GIN,1990,46.9,No
GIN,1991,46.9,No
GIN,1992,46.9,No
GIN,1993,46.9,No
GIN,1994,46.9,No
GIN,1995,46.9,No
GIN,1996,46.9,No
GIN,1997,46.9,No
GIN,1998,46.9,No
GIN,1999,46.9,No
GIN,2000,46.9,No
GIN,2001,46.9,No
GIN,2002,46.9,No
GIN,2003,46.9,No
GIN,2004,46.9,No
GIN,2005,46.9,No
GIN,2006,46.9,No
GIN,2007,46.9,No
GIN,2008,46.9,No
GIN,2009,46.9,No
GIN,2010,46.9,No
GIN,2011,46.9,No
GIN,2012,46.9,No
GIN,2013,46.9,No
GIN,2014,46.9,No
GIN,2015,59.4,No
GIN,2016,59.4,No
GIN,2017,59.4,No
GIN,2018,62.5,No
GIN,2019,62.5,No
GIN,2020,73.8,No
GIN,2021,73.8,No
GIN,2022,73.8,No
GIN,2023,73.8,No
GIN,2024,73.8,No
GMB,1971,44.4,No
GMB,1972,44.4,No
GMB,1973,44.4,No
GMB,1974,44.4,No
GMB,1975,44.4,No
GMB,1976,44.4,No
GMB,1977,44.4,No
GMB,1978,44.4,No
GMB,1979,50.6,No
GMB,1980,50.6,No
GMB,1981,50.6,No
GMB,1982,50.6,No
GMB,1983,50.6,No
GMB,1984,50.6,No
GMB,1985,50.6,No
GMB,1986,50.6,No
GMB,1987,50.6,No
GMB,1988,53.8,No
GMB,1989,53.8,No
GMB,1990,53.8,No
GMB,1991,53.8,No
GMB,1992,53.8,No
GMB,1993,53.8,No
GMB,1994,53.8,No
GMB,1995,53.8,No
GMB,1996,53.8,No
GMB,1997,53.8,No
GMB,1998,53.8,No
GMB,1999,53.8,No
GMB,2000,53.8,No
GMB,2001,53.8,No
GMB,2002,53.8,No
GMB,2003,53.8,No
GMB,2004,53.8,No
GMB,2005,53.8,No
GMB,2006,53.8,No
GMB,2007,53.8,No
GMB,2008,53.8,No
GMB,2009,56.3,No
GMB,2010,56.3,No
GMB,2011,56.3,No
GMB,2012,66.9,No
GMB,2013,66.9,No
GMB,2014,66.9,No
GMB,2015,69.4,No
GMB,2016,69.4,No
GMB,2017,69.4,No
GMB,2018,69.4,No
GMB,2019,69.4,No
GMB,2020,69.4,No
GMB,2021,69.4,No
GMB,2022,69.4,No
GMB,2023,69.4,No
GMB,2024,69.4,No
GNB,1971,28.1,No
GNB,1972,28.1,No
GNB,1973,28.1,No
GNB,1974,28.1,No
GNB,1975,28.1,No
GNB,1976,28.1,No
GNB,1977,28.1,No
GNB,1978,28.1,No
GNB,1979,28.1,No
GNB,1980,28.1,No
GNB,1981,28.1,No
GNB,1982,28.1,No
GNB,1983,28.1,No
GNB,1984,28.1,No
GNB,1985,28.1,No
GNB,1986,28.1,No
GNB,1987,31.3,No
GNB,1988,37.5,No
GNB,1989,37.5,No
GNB,1990,37.5,No
GNB,1991,37.5,No
GNB,1992,37.5,No
GNB,1993,37.5,No
GNB,1994,37.5,No
GNB,1995,37.5,No
GNB,1996,37.5,No
GNB,1997,37.5,No
GNB,1998,37.5,No
GNB,1999,37.5,No
GNB,2000,37.5,No
GNB,2001,37.5,No
GNB,2002,37.5,No
GNB,2003,37.5,No
GNB,2004,37.5,No
GNB,2005,37.5,No
GNB,2006,37.5,No
GNB,2007,37.5,No
GNB,2008,37.5,No
GNB,2009,37.5,No
GNB,2010,37.5,No
GNB,2011,37.5,No
GNB,2012,37.5,No
GNB,2013,37.5,No
GNB,2014,37.5,No
GNB,2015,40,No
GNB,2016,40,No
GNB,2017,40,No
GNB,2018,40,No
GNB,2019,40,No
GNB,2020,40,No
GNB,2021,40,No
GNB,2022,40,No
GNB,2023,51.9,No
GNB,2024,51.9,No
GNQ,1971,31.9,No
GNQ,1972,31.9,No
GNQ,1973,31.9,No
GNQ,1974,31.9,No
GNQ,1975,31.9,No
GNQ,1976,31.9,No
GNQ,1977,31.9,No
GNQ,1978,31.9,No
GNQ,1979,31.9,No
GNQ,1980,31.9,No
GNQ,1981,31.9,No
GNQ,1982,31.9,No
GNQ,1983,31.9,No
GNQ,1984,31.9,No
GNQ,1985,40.6,No
GNQ,1986,40.6,No
GNQ,1987,40.6,No
GNQ,1988,40.6,No
GNQ,1989,40.6,No
GNQ,1990,40.6,No
GNQ,1991,46.3,No
GNQ,1992,46.3,No
GNQ,1993,46.3,No
GNQ,1994,46.3,No
GNQ,1995,46.3,No
GNQ,1996,46.3,No
GNQ,1997,46.3,No
GNQ,1998,46.3,No
GNQ,1999,46.3,No
GNQ,2000,46.3,No
GNQ,2001,46.3,No
GNQ,2002,46.3,No
GNQ,2003,46.3,No
GNQ,2004,46.3,No
GNQ,2005,46.3,No
GNQ,2006,46.3,No
GNQ,2007,46.3,No
GNQ,2008,46.3,No
GNQ,2009,46.3,No
GNQ,2010,46.3,No
GNQ,2011,46.3,No
GNQ,2012,46.3,No
GNQ,2013,46.3,No
GNQ,2014,51.9,No
GNQ,2015,51.9,No
GNQ,2016,51.9,No
GNQ,2017,51.9,No
GNQ,2018,51.9,No
GNQ,2019,51.9,No
GNQ,2020,51.9,No
GNQ,2021,51.9,No
GNQ,2022,51.9,No
GNQ,2023,51.9,No
GNQ,2024,58.1,No
GRC,1971,43.8,No
GRC,1972,43.8,No
GRC,1973,43.8,No
GRC,1974,43.8,No
GRC,1975,43.8,No
GRC,1976,43.8,No
GRC,1977,43.8,No
GRC,1978,43.8,No
GRC,1979,43.8,No
GRC,1980,43.8,No
GRC,1981,43.8,No
GRC,1982,43.8,No
GRC,1983,43.8,No
GRC,1984,59.4,No
GRC,1985,65,No
GRC,1986,70.6,No
GRC,1987,70.6,No
GRC,1988,70.6,No
GRC,1989,70.6,No
GRC,1990,70.6,No
GRC,1991,70.6,No
GRC,1992,70.6,No
GRC,1993,70.6,No
GRC,1994,70.6,No
GRC,1995,73.1,No
GRC,1996,73.1,No
GRC,1997,73.1,No
GRC,1998,73.1,No
GRC,1999,73.1,No
GRC,2000,73.1,No
GRC,2001,73.1,No
GRC,2002,73.1,No
GRC,2003,73.1,No
GRC,2004,73.1,No
GRC,2005,73.1,No
GRC,2006,73.1,No
GRC,2007,73.1,No
GRC,2008,81.9,No
GRC,2009,85,No
GRC,2010,85,No
GRC,2011,88.1,No
GRC,2012,97.5,No
GRC,2013,97.5,No
GRC,2014,97.5,No
GRC,2015,97.5,No
GRC,2016,97.5,No
GRC,2017,97.5,No
GRC,2018,97.5,No
GRC,2019,97.5,No
GRC,2020,97.5,No
GRC,2021,97.5,No
GRC,2022,100,Yes
GRC,2023,100,Yes
GRC,2024,100,Yes
GRD,1971,45.6,No
GRD,1972,45.6,No
GRD,1973,45.6,No
GRD,1974,48.1,No
GRD,1975,53.8,No
GRD,1976,53.8,No
GRD,1977,53.8,No
GRD,1978,53.8,No
GRD,1979,53.8,No
GRD,1980,53.8,No
GRD,1981,53.8,No
GRD,1982,56.3,No
GRD,1983,56.3,No
GRD,1984,56.3,No
GRD,1985,65.6,No
GRD,1986,65.6,No
GRD,1987,65.6,No
GRD,1988,65.6,No
GRD,1989,65.6,No
GRD,1990,65.6,No
GRD,1991,65.6,No
GRD,1992,65.6,No
GRD,1993,65.6,No
GRD,1994,65.6,No
GRD,1995,65.6,No
GRD,1996,65.6,No
GRD,1997,65.6,No
GRD,1998,65.6,No
GRD,1999,65.6,No
GRD,2000,65.6,No
GRD,2001,75,No
GRD,2002,75,No
GRD,2003,77.5,No
GRD,2004,77.5,No
GRD,2005,77.5,No
GRD,2006,77.5,No
GRD,2007,77.5,No
GRD,2008,77.5,No
GRD,2009,77.5,No
GRD,2010,77.5,No
GRD,2011,77.5,No
GRD,2012,77.5,No
GRD,2013,77.5,No
GRD,2014,77.5,No
GRD,2015,77.5,No
GRD,2016,77.5,No
GRD,2017,77.5,No
GRD,2018,77.5,No
GRD,2019,77.5,No
GRD,2020,80.6,No
GRD,2021,80.6,No
GRD,2022,80.6,No
GRD,2023,80.6,No
GRD,2024,80.6,No
GTM,1971,49.4,No
GTM,1972,49.4,No
GTM,1973,49.4,No
GTM,1974,49.4,No
GTM,1975,49.4,No
GTM,1976,49.4,No
GTM,1977,49.4,No
GTM,1978,49.4,No
GTM,1979,49.4,No
GTM,1980,49.4,No
GTM,1981,49.4,No
GTM,1982,49.4,No
GTM,1983,49.4,No
GTM,1984,49.4,No
GTM,1985,49.4,No
GTM,1986,49.4,No
GTM,1987,49.4,No
GTM,1988,49.4,No
GTM,1989,49.4,No
GTM,1990,49.4,No
GTM,1991,49.4,No
GTM,1992,49.4,No
GTM,1993,49.4,No
GTM,1994,57.5,No
GTM,1995,57.5,No
GTM,1996,57.5,No
GTM,1997,57.5,No
GTM,1998,60,No
GTM,1999,60,No
GTM,2000,65,No
GTM,2001,68.1,No
GTM,2002,68.1,No
GTM,2003,68.1,No
GTM,2004,71.3,No
GTM,2005,71.3,No
GTM,2006,71.3,No
GTM,2007,71.3,No
GTM,2008,71.3,No
GTM,2009,73.8,No
GTM,2010,73.8,No
GTM,2011,73.8,No
GTM,2012,73.8,No
GTM,2013,73.8,No
GTM,2014,73.8,No
GTM,2015,73.8,No
GTM,2016,73.8,No
GTM,2017,73.8,No
GTM,2018,73.8,No
GTM,2019,73.8,No
GTM,2020,73.8,No
GTM,2021,73.8,No
GTM,2022,73.8,No
GTM,2023,73.8,No
GTM,2024,73.8,No
GUY,1971,60.6,No
GUY,1972,60.6,No
GUY,1973,60.6,No
GUY,1974,60.6,No
GUY,1975,60.6,No
GUY,1976,60.6,No
GUY,1977,60.6,No
GUY,1978,60.6,No
GUY,1979,60.6,No
GUY,1980,60.6,No
GUY,1981,60.6,No
GUY,1982,60.6,No
GUY,1983,60.6,No
GUY,1984,60.6,No
GUY,1985,60.6,No
GUY,1986,60.6,No
GUY,1987,60.6,No
GUY,1988,60.6,No
GUY,1989,60.6,No
GUY,1990,63.8,No
GUY,1991,63.8,No
GUY,1992,66.3,No
GUY,1993,66.3,No
GUY,1994,66.3,No
GUY,1995,66.3,No
GUY,1996,66.3,No
GUY,1997,66.3,No
GUY,1998,68.8,No
GUY,1999,86.9,No
GUY,2000,86.9,No
GUY,2001,86.9,No
GUY,2002,86.9,No
GUY,2003,86.9,No
GUY,2004,86.9,No
GUY,2005,86.9,No
GUY,2006,86.9,No
GUY,2007,86.9,No
GUY,2008,86.9,No
GUY,2009,86.9,No
GUY,2010,86.9,No
GUY,2011,86.9,No
GUY,2012,86.9,No
GUY,2013,86.9,No
GUY,2014,86.9,No
GUY,2015,86.9,No
GUY,2016,86.9,No
GUY,2017,86.9,No
GUY,2018,86.9,No
GUY,2019,86.9,No
GUY,2020,86.9,No
GUY,2021,86.9,No
GUY,2022,86.9,No
GUY,2023,86.9,No
GUY,2024,86.9,No
HKG,1971,59.4,No
HKG,1972,59.4,No
HKG,1973,59.4,No
HKG,1974,68.8,No
HKG,1975,68.8,No
HKG,1976,68.8,No
HKG,1977,68.8,No
HKG,1978,68.8,No
HKG,1979,68.8,No
HKG,1980,68.8,No
HKG,1981,68.8,No
HKG,1982,68.8,No
HKG,1983,71.9,No
HKG,1984,71.9,No
HKG,1985,71.9,No
HKG,1986,71.9,No
HKG,1987,71.9,No
HKG,1988,74.4,No
HKG,1989,74.4,No
HKG,1990,74.4,No
HKG,1991,74.4,No
HKG,1992,74.4,No
HKG,1993,74.4,No
HKG,1994,74.4,No
HKG,1995,74.4,No
HKG,1996,74.4,No
HKG,1997,86.9,No
HKG,1998,86.9,No
HKG,1999,86.9,No
HKG,2000,86.9,No
HKG,2001,86.9,No
HKG,2002,86.9,No
HKG,2003,86.9,No
HKG,2004,86.9,No
HKG,2005,86.9,No
HKG,2006,86.9,No
HKG,2007,86.9,No
HKG,2008,86.9,No
HKG,2009,86.9,No
HKG,2010,86.9,No
HKG,2011,86.9,No
HKG,2012,86.9,No
HKG,2013,86.9,No
HKG,2014,86.9,No
HKG,2015,86.9,No
HKG,2016,89.4,No
HKG,2017,89.4,No
HKG,2018,89.4,No
HKG,2019,89.4,No
HKG,2020,89.4,No
HKG,2021,89.4,No
HKG,2022,91.9,No
HKG,2023,91.9,No
HKG,2024,91.9,No
HND,1971,48.8,No
HND,1972,48.8,No
HND,1973,51.9,No
HND,1974,51.9,No
HND,1975,51.9,No
HND,1976,51.9,No
HND,1977,51.9,No
HND,1978,51.9,No
HND,1979,51.9,No
HND,1980,51.9,No
HND,1981,51.9,No
HND,1982,51.9,No
HND,1983,51.9,No
HND,1984,51.9,No
HND,1985,51.9,No
HND,1986,51.9,No
HND,1987,51.9,No
HND,1988,51.9,No
HND,1989,51.9,No
HND,1990,51.9,No
HND,1991,51.9,No
HND,1992,51.9,No
HND,1993,51.9,No
HND,1994,51.9,No
HND,1995,51.9,No
HND,1996,51.9,No
HND,1997,51.9,No
HND,1998,60.6,No
HND,1999,60.6,No
HND,2000,60.6,No
HND,2001,63.8,No
HND,2002,63.8,No
HND,2003,63.8,No
HND,2004,63.8,No
HND,2005,63.8,No
HND,2006,63.8,No
HND,2007,63.8,No
HND,2008,63.8,No
HND,2009,66.9,No
HND,2010,66.9,No
HND,2011,66.9,No
HND,2012,66.9,No
HND,2013,66.9,No
HND,2014,75,No
HND,2015,75,No
HND,2016,75,No
HND,2017,75,No
HND,2018,75,No
HND,2019,75,No
HND,2020,75,No
HND,2021,75,No
HND,2022,75,No
HND,2023,75,No
HND,2024,75,No
HRV,1971,58.1,No
HRV,1972,58.1,No
HRV,1973,58.1,No
HRV,1974,58.1,No
HRV,1975,58.1,No
HRV,1976,58.1,No
HRV,1977,58.1,No
HRV,1978,58.1,No
HRV,1979,58.1,No
HRV,1980,58.1,No
HRV,1981,58.1,No
HRV,1982,58.1,No
HRV,1983,58.1,No
HRV,1984,58.1,No
HRV,1985,58.1,No
HRV,1986,58.1,No
HRV,1987,58.1,No
HRV,1988,58.1,No
HRV,1989,58.1,No
HRV,1990,58.1,No
HRV,1991,61.3,No
HRV,1992,61.3,No
HRV,1993,61.3,No
HRV,1994,61.3,No
HRV,1995,61.3,No
HRV,1996,67.5,No
HRV,1997,67.5,No
HRV,1998,67.5,No
HRV,1999,67.5,No
HRV,2000,67.5,No
HRV,2001,67.5,No
HRV,2002,67.5,No
HRV,2003,67.5,No
HRV,2004,67.5,No
HRV,2005,76.3,No
HRV,2006,76.3,No
HRV,2007,76.3,No
HRV,2008,76.3,No
HRV,2009,76.3,No
HRV,2010,84.4,Yes
HRV,2011,93.8,Yes
HRV,2012,93.8,Yes
HRV,2013,93.8,Yes
HRV,2014,93.8,Yes
HRV,2015,93.8,Yes
HRV,2016,93.8,Yes
HRV,2017,93.8,Yes
HRV,2018,93.8,Yes
HRV,2019,93.8,Yes
HRV,2020,93.8,Yes
HRV,2021,93.8,Yes
HRV,2022,93.8,Yes
HRV,2023,93.8,Yes
HRV,2024,93.8,Yes
HTI,1971,37.5,No
HTI,1972,37.5,No
HTI,1973,37.5,No
HTI,1974,37.5,No
HTI,1975,37.5,No
HTI,1976,37.5,No
HTI,1977,37.5,No
HTI,1978,37.5,No
HTI,1979,37.5,No
HTI,1980,37.5,No
HTI,1981,37.5,No
HTI,1982,37.5,No
HTI,1983,37.5,No
HTI,1984,52.5,No
HTI,1985,58.8,No
HTI,1986,58.8,No
HTI,1987,58.8,No
HTI,1988,58.8,No
HTI,1989,58.8,No
HTI,1990,58.8,No
HTI,1991,58.8,No
HTI,1992,58.8,No
HTI,1993,58.8,No
HTI,1994,58.8,No
HTI,1995,58.8,No
HTI,1996,58.8,No
HTI,1997,58.8,No
HTI,1998,58.8,No
HTI,1999,58.8,No
HTI,2000,58.8,No
HTI,2001,58.8,No
HTI,2002,58.8,No
HTI,2003,58.8,No
HTI,2004,58.8,No
HTI,2005,58.8,No
HTI,2006,58.8,No
HTI,2007,58.8,No
HTI,2008,58.8,No
HTI,2009,58.8,No
HTI,2010,58.8,No
HTI,2011,58.8,No
HTI,2012,58.8,No
HTI,2013,58.8,No
HTI,2014,58.8,No
HTI,2015,58.8,No
HTI,2016,58.8,No
HTI,2017,58.8,No
HTI,2018,61.3,No
HTI,2019,61.3,No
HTI,2020,61.3,No
HTI,2021,61.3,No
HTI,2022,61.3,No
HTI,2023,61.3,No
HTI,2024,61.3,No
HUN,1971,66.9,Yes
HUN,1972,66.9,Yes
HUN,1973,66.9,Yes
HUN,1974,66.9,Yes
HUN,1975,66.9,Yes
HUN,1976,66.9,Yes
HUN,1977,66.9,Yes
HUN,1978,66.9,Yes
HUN,1979,66.9,Yes
HUN,1980,66.9,Yes
HUN,1981,66.9,Yes
HUN,1982,66.9,Yes
HUN,1983,66.9,Yes
HUN,1984,66.9,Yes
HUN,1985,66.9,Yes
HUN,1986,66.9,Yes
HUN,1987,66.9,Yes
HUN,1988,66.9,Yes
HUN,1989,66.9,Yes
HUN,1990,66.9,Yes
HUN,1991,66.9,Yes
HUN,1992,70,Yes
HUN,1993,69.4,Yes
HUN,1994,69.4,Yes
HUN,1995,69.4,Yes
HUN,1996,69.4,Yes
HUN,1997,69.4,Yes
HUN,1998,69.4,Yes
HUN,1999,69.4,Yes
HUN,2000,69.4,Yes
HUN,2001,69.4,Yes
HUN,2002,69.4,Yes
HUN,2003,69.4,Yes
HUN,2004,69.4,Yes
HUN,2005,75.6,Yes
HUN,2006,75.6,Yes
HUN,2007,75.6,Yes
HUN,2008,78.8,Yes
HUN,2009,78.8,Yes
HUN,2010,78.8,Yes
HUN,2011,81.3,Yes
HUN,2012,90.6,Yes
HUN,2013,93.8,Yes
HUN,2014,93.8,Yes
HUN,2015,93.8,Yes
HUN,2016,93.8,Yes
HUN,2017,93.8,Yes
HUN,2018,93.8,Yes
HUN,2019,93.8,Yes
HUN,2020,93.8,Yes
HUN,2021,93.8,Yes
HUN,2022,93.8,Yes
HUN,2023,93.8,Yes
HUN,2024,93.8,Yes
IDN,1971,20.6,No
IDN,1972,20.6,No
IDN,1973,20.6,No
IDN,1974,20.6,No
IDN,1975,41.3,No
IDN,1976,41.3,No
IDN,1977,41.3,No
IDN,1978,41.3,No
IDN,1979,47.5,No
IDN,1980,47.5,No
IDN,1981,47.5,No
IDN,1982,47.5,No
IDN,1983,47.5,No
IDN,1984,47.5,No
IDN,1985,47.5,No
IDN,1986,47.5,No
IDN,1987,47.5,No
IDN,1988,47.5,No
IDN,1989,47.5,No
IDN,1990,47.5,No
IDN,1991,47.5,No
IDN,1992,47.5,No
IDN,1993,47.5,No
IDN,1994,47.5,No
IDN,1995,47.5,No
IDN,1996,47.5,No
IDN,1997,47.5,No
IDN,1998,47.5,No
IDN,1999,50,No
IDN,2000,50,No
IDN,2001,50,No
IDN,2002,50,No
IDN,2003,50,No
IDN,2004,58.8,No
IDN,2005,61.9,No
IDN,2006,64.4,No
IDN,2007,64.4,No
IDN,2008,64.4,No
IDN,2009,64.4,No
IDN,2010,64.4,No
IDN,2011,64.4,No
IDN,2012,64.4,No
IDN,2013,64.4,No
IDN,2014,64.4,No
IDN,2015,64.4,No
IDN,2016,64.4,No
IDN,2017,64.4,No
IDN,2018,64.4,No
IDN,2019,64.4,No
IDN,2020,64.4,No
IDN,2021,64.4,No
IDN,2022,64.4,No
IDN,2023,70.6,No
IDN,2024,70.6,No
IND,1971,49.4,No
IND,1972,49.4,No
IND,1973,49.4,No
IND,1974,49.4,No
IND,1975,49.4,No
IND,1976,49.4,No
IND,1977,49.4,No
IND,1978,49.4,No
IND,1979,49.4,No
IND,1980,49.4,No
IND,1981,49.4,No
IND,1982,49.4,No
IND,1983,49.4,No
IND,1984,49.4,No
IND,1985,49.4,No
IND,1986,49.4,No
IND,1987,49.4,No
IND,1988,49.4,No
IND,1989,52.5,No
IND,1990,52.5,No
IND,1991,52.5,No
IND,1992,52.5,No
IND,1993,52.5,No
IND,1994,52.5,No
IND,1995,52.5,No
IND,1996,57.5,No
IND,1997,57.5,No
IND,1998,57.5,No
IND,1999,63.8,No
IND,2000,63.8,No
IND,2001,63.8,No
IND,2002,63.8,No
IND,2003,63.8,No
IND,2004,63.8,No
IND,2005,63.8,No
IND,2006,63.8,No
IND,2007,66.3,No
IND,2008,66.3,No
IND,2009,66.3,No
IND,2010,66.3,No
IND,2011,66.3,No
IND,2012,66.3,No
IND,2013,66.3,No
IND,2014,66.3,No
IND,2015,66.3,No
IND,2016,66.3,No
IND,2017,66.3,No
IND,2018,68.8,No
IND,2019,71.9,No
IND,2020,71.9,No
IND,2021,74.4,No
IND,2022,74.4,No
IND,2023,74.4,No
IND,2024,74.4,No
IRL,1971,55,No
IRL,1972,55,No
IRL,1973,55,No
IRL,1974,55,No
IRL,1975,55,No
IRL,1976,58.1,No
IRL,1977,58.1,No
IRL,1978,60.6,No
IRL,1979,63.8,No
IRL,1980,63.8,No
IRL,1981,63.8,No
IRL,1982,66.3,No
IRL,1983,68.8,No
IRL,1984,71.9,No
IRL,1985,71.9,No
IRL,1986,71.9,No
IRL,1987,71.9,No
IRL,1988,75,No
IRL,1989,75,No
IRL,1990,75,No
IRL,1991,75,No
IRL,1992,75,No
IRL,1993,75,No
IRL,1994,75,No
IRL,1995,78.1,No
IRL,1996,78.1,No
IRL,1997,83.1,No
IRL,1998,85.6,No
IRL,1999,85.6,No
IRL,2000,91.9,No
IRL,2001,95,No
IRL,2002,95,No
IRL,2003,95,No
IRL,2004,95,No
IRL,2005,95,No
IRL,2006,95,No
IRL,2007,95,No
IRL,2008,95,No
IRL,2009,95,No
IRL,2010,95,No
IRL,2011,95,No
IRL,2012,95,No
IRL,2013,95,No
IRL,2014,95,No
IRL,2015,95,No
IRL,2016,95,No
IRL,2017,95,No
IRL,2018,97.5,No
IRL,2019,97.5,No
IRL,2020,97.5,No
IRL,2021,100,Yes
IRL,2022,100,Yes
IRL,2023,100,Yes
IRL,2024,100,Yes
IRN,1971,29.4,No
IRN,1972,29.4,No
IRN,1973,29.4,No
IRN,1974,29.4,No
IRN,1975,29.4,No
IRN,1976,29.4,No
IRN,1977,29.4,No
IRN,1978,29.4,No
IRN,1979,29.4,No
IRN,1980,29.4,No
IRN,1981,29.4,No
IRN,1982,29.4,No
IRN,1983,29.4,No
IRN,1984,29.4,No
IRN,1985,29.4,No
IRN,1986,29.4,No
IRN,1987,29.4,No
IRN,1988,29.4,No
IRN,1989,29.4,No
IRN,1990,29.4,No
IRN,1991,29.4,No
IRN,1992,26.3,No
IRN,1993,26.3,No
IRN,1994,26.3,No
IRN,1995,26.3,No
IRN,1996,26.3,No
IRN,1997,26.3,No
IRN,1998,26.3,No
IRN,1999,26.3,No
IRN,2000,26.3,No
IRN,2001,26.3,No
IRN,2002,26.3,No
IRN,2003,26.3,No
IRN,2004,26.3,No
IRN,2005,26.3,No
IRN,2006,26.3,No
IRN,2007,26.3,No
IRN,2008,28.8,No
IRN,2009,28.8,No
IRN,2010,28.8,No
IRN,2011,28.8,No
IRN,2012,28.8,No
IRN,2013,28.8,No
IRN,2014,28.8,No
IRN,2015,31.3,No
IRN,2016,31.3,No
IRN,2017,31.3,No
IRN,2018,31.3,No
IRN,2019,31.3,No
IRN,2020,31.3,No
IRN,2021,31.3,No
IRN,2022,31.3,No
IRN,2023,31.3,No
IRN,2024,31.3,No
IRQ,1971,26.9,No
IRQ,1972,26.9,No
IRQ,1973,26.9,No
IRQ,1974,26.9,No
IRQ,1975,26.9,No
IRQ,1976,26.9,No
IRQ,1977,26.9,No
IRQ,1978,26.9,No
IRQ,1979,26.9,No
IRQ,1980,26.9,No
IRQ,1981,26.9,No
IRQ,1982,26.9,No
IRQ,1983,26.9,No
IRQ,1984,26.9,No
IRQ,1985,26.9,No
IRQ,1986,26.9,No
IRQ,1987,26.9,No
IRQ,1988,30,No
IRQ,1989,33.1,No
IRQ,1990,33.1,No
IRQ,1991,33.1,No
IRQ,1992,33.1,No
IRQ,1993,33.1,No
IRQ,1994,33.1,No
IRQ,1995,33.1,No
IRQ,1996,33.1,No
IRQ,1997,33.1,No
IRQ,1998,33.1,No
IRQ,1999,33.1,No
IRQ,2000,33.1,No
IRQ,2001,33.1,No
IRQ,2002,33.1,No
IRQ,2003,33.1,No
IRQ,2004,33.1,No
IRQ,2005,33.1,No
IRQ,2006,33.1,No
IRQ,2007,33.1,No
IRQ,2008,33.1,No
IRQ,2009,33.1,No
IRQ,2010,33.1,No
IRQ,2011,33.1,No
IRQ,2012,33.1,No
IRQ,2013,33.1,No
IRQ,2014,33.1,No
IRQ,2015,33.1,No
IRQ,2016,33.1,No
IRQ,2017,45,No
IRQ,2018,45,No
IRQ,2019,45,No
IRQ,2020,45,No
IRQ,2021,45,No
IRQ,2022,45,No
IRQ,2023,48.1,No
IRQ,2024,48.1,No
ISL,1971,66.3,No
ISL,1972,66.3,No
ISL,1973,66.3,No
ISL,1974,66.3,No
ISL,1975,66.3,No
ISL,1976,66.3,No
ISL,1977,68.8,No
ISL,1978,75,No
ISL,1979,75,No
ISL,1980,75,No
ISL,1981,75,No
ISL,1982,75,No
ISL,1983,75,No
ISL,1984,75,No
ISL,1985,75,No
ISL,1986,75,No
ISL,1987,78.1,No
ISL,1988,80.6,No
ISL,1989,85.6,Yes
ISL,1990,85.6,Yes
ISL,1991,85.6,Yes
ISL,1992,85.6,Yes
ISL,1993,85.6,Yes
ISL,1994,85.6,Yes
ISL,1995,85.6,Yes
ISL,1996,85.6,Yes
ISL,1997,85.6,Yes
ISL,1998,85.6,Yes
ISL,1999,88.1,Yes
ISL,2000,88.1,Yes
ISL,2001,94.4,Yes
ISL,2002,94.4,Yes
ISL,2003,94.4,Yes
ISL,2004,94.4,Yes
ISL,2005,94.4,Yes
ISL,2006,94.4,Yes
ISL,2007,94.4,Yes
ISL,2008,94.4,Yes
ISL,2009,94.4,Yes
ISL,2010,94.4,Yes
ISL,2011,94.4,Yes
ISL,2012,94.4,Yes
ISL,2013,96.9,Yes
ISL,2014,96.9,Yes
ISL,2015,96.9,Yes
ISL,2016,96.9,Yes
ISL,2017,100,Yes
ISL,2018,100,Yes
ISL,2019,100,Yes
ISL,2020,100,Yes
ISL,2021,100,Yes
ISL,2022,100,Yes
ISL,2023,100,Yes
ISL,2024,100,Yes
ISR,1971,57.5,No
ISR,1972,57.5,No
ISR,1973,57.5,No
ISR,1974,57.5,No
ISR,1975,60,No
ISR,1976,60,No
ISR,1977,60,No
ISR,1978,60,No
ISR,1979,60,No
ISR,1980,60,No
ISR,1981,60,No
ISR,1982,60,No
ISR,1983,60,No
ISR,1984,60,No
ISR,1985,60,No
ISR,1986,60,No
ISR,1987,60,No
ISR,1988,60,No
ISR,1989,63.1,No
ISR,1990,63.1,No
ISR,1991,63.1,No
ISR,1992,65.6,No
ISR,1993,65.6,No
ISR,1994,65.6,No
ISR,1995,65.6,No
ISR,1996,65.6,No
ISR,1997,68.8,No
ISR,1998,68.8,No
ISR,1999,75,No
ISR,2000,75,No
ISR,2001,78.1,No
ISR,2002,78.1,No
ISR,2003,78.1,No
ISR,2004,78.1,No
ISR,2005,75,No
ISR,2006,75,No
ISR,2007,77.5,No
ISR,2008,77.5,No
ISR,2009,77.5,No
ISR,2010,77.5,No
ISR,2011,77.5,No
ISR,2012,77.5,No
ISR,2013,80.6,No
ISR,2014,80.6,No
ISR,2015,80.6,No
ISR,2016,80.6,No
ISR,2017,80.6,No
ISR,2018,80.6,No
ISR,2019,80.6,No
ISR,2020,80.6,No
ISR,2021,80.6,No
ISR,2022,80.6,No
ISR,2023,80.6,No
ISR,2024,80.6,No
ITA,1971,48.8,No
ITA,1972,51.3,No
ITA,1973,53.8,No
ITA,1974,53.8,No
ITA,1975,53.8,No
ITA,1976,65,No
ITA,1977,65,No
ITA,1978,65,No
ITA,1979,71.3,No
ITA,1980,71.3,No
ITA,1981,71.3,No
ITA,1982,71.3,No
ITA,1983,71.3,No
ITA,1984,71.3,No
ITA,1985,71.3,No
ITA,1986,71.3,No
ITA,1987,71.3,No
ITA,1988,71.3,No
ITA,1989,71.3,No
ITA,1990,71.3,No
ITA,1991,71.3,No
ITA,1992,71.3,No
ITA,1993,71.3,No
ITA,1994,71.3,No
ITA,1995,71.3,No
ITA,1996,71.3,No
ITA,1997,74.4,No
ITA,1998,74.4,No
ITA,1999,74.4,No
ITA,2000,74.4,No
ITA,2001,74.4,No
ITA,2002,80,Yes
ITA,2003,80,Yes
ITA,2004,80,Yes
ITA,2005,80,Yes
ITA,2006,83.1,Yes
ITA,2007,89.4,Yes
ITA,2008,89.4,Yes
ITA,2009,89.4,Yes
ITA,2010,89.4,Yes
ITA,2011,89.4,Yes
ITA,2012,89.4,Yes
ITA,2013,89.4,Yes
ITA,2014,91.9,Yes
ITA,2015,94.4,Yes
ITA,2016,94.4,Yes
ITA,2017,94.4,Yes
ITA,2018,94.4,Yes
ITA,2019,97.5,Yes
ITA,2020,97.5,Yes
ITA,2021,97.5,Yes
ITA,2022,97.5,Yes
ITA,2023,97.5,Yes
ITA,2024,97.5,Yes
JAM,1971,48.8,No
JAM,1972,48.8,No
JAM,1973,48.8,No
JAM,1974,48.8,No
JAM,1975,48.8,No
JAM,1976,48.8,No
JAM,1977,48.8,No
JAM,1978,48.8,No
JAM,1979,48.8,No
JAM,1980,48.8,No
JAM,1981,51.3,No
JAM,1982,51.3,No
JAM,1983,51.3,No
JAM,1984,51.3,No
JAM,1985,51.3,No
JAM,1986,51.3,No
JAM,1987,51.3,No
JAM,1988,51.3,No
JAM,1989,51.3,No
JAM,1990,56.9,No
JAM,1991,56.9,No
JAM,1992,56.9,No
JAM,1993,56.9,No
JAM,1994,56.9,No
JAM,1995,56.9,No
JAM,1996,56.9,No
JAM,1997,59.4,No
JAM,1998,59.4,No
JAM,1999,59.4,No
JAM,2000,59.4,No
JAM,2001,59.4,No
JAM,2002,59.4,No
JAM,2003,59.4,No
JAM,2004,59.4,No
JAM,2005,59.4,No
JAM,2006,59.4,No
JAM,2007,61.9,No
JAM,2008,61.9,No
JAM,2009,61.9,No
JAM,2010,61.9,No
JAM,2011,61.9,No
JAM,2012,61.9,No
JAM,2013,61.9,No
JAM,2014,61.9,No
JAM,2015,61.9,No
JAM,2016,68.1,No
JAM,2017,68.1,No
JAM,2018,68.1,No
JAM,2019,68.1,No
JAM,2020,68.1,No
JAM,2021,68.1,No
JAM,2022,68.1,No
JAM,2023,68.1,No
JAM,2024,74.4,No
JOR,1971,20.6,No
JOR,1972,20.6,No
JOR,1973,20.6,No
JOR,1974,20.6,No
JOR,1975,20.6,No
JOR,1976,20.6,No
JOR,1977,20.6,No
JOR,1978,20.6,No
JOR,1979,20.6,No
JOR,1980,26.3,No
JOR,1981,26.3,No
JOR,1982,26.3,No
JOR,1983,26.3,No
JOR,1984,26.3,No
JOR,1985,26.3,No
JOR,1986,26.3,No
JOR,1987,26.3,No
JOR,1988,26.3,No
JOR,1989,26.3,No
JOR,1990,26.3,No
JOR,1991,26.3,No
JOR,1992,26.3,No
JOR,1993,26.3,No
JOR,1994,26.3,No
JOR,1995,26.3,No
JOR,1996,26.3,No
JOR,1997,26.3,No
JOR,1998,26.3,No
JOR,1999,26.3,No
JOR,2000,26.3,No
JOR,2001,26.3,No
JOR,2002,26.3,No
JOR,2003,26.3,No
JOR,2004,26.3,No
JOR,2005,26.3,No
JOR,2006,26.3,No
JOR,2007,26.3,No
JOR,2008,26.3,No
JOR,2009,28.8,No
JOR,2010,28.8,No
JOR,2011,31.9,No
JOR,2012,31.9,No
JOR,2013,31.9,No
JOR,2014,31.9,No
JOR,2015,31.9,No
JOR,2016,31.9,No
JOR,2017,31.9,No
JOR,2018,31.9,No
JOR,2019,31.9,No
JOR,2020,40.6,No
JOR,2021,46.9,No
JOR,2022,46.9,No
JOR,2023,46.9,No
JOR,2024,59.4,No
JPN,1971,62.5,No
JPN,1972,62.5,No
JPN,1973,62.5,No
JPN,1974,65.6,No
JPN,1975,65.6,No
JPN,1976,65.6,No
JPN,1977,65.6,No
JPN,1978,65.6,No
JPN,1979,65.6,No
JPN,1980,65.6,No
JPN,1981,65.6,No
JPN,1982,65.6,No
JPN,1983,65.6,No
JPN,1984,65.6,No
JPN,1985,65.6,No
JPN,1986,65.6,No
JPN,1987,68.1,No
JPN,1988,68.1,No
JPN,1989,68.1,No
JPN,1990,68.1,No
JPN,1991,68.1,No
JPN,1992,71.3,No
JPN,1993,71.3,No
JPN,1994,71.3,No
JPN,1995,71.3,No
JPN,1996,71.3,No
JPN,1997,73.8,Yes
JPN,1998,73.8,Yes
JPN,1999,73.8,Yes
JPN,2000,73.8,Yes
JPN,2001,73.8,Yes
JPN,2002,76.3,Yes
JPN,2003,76.3,Yes
JPN,2004,76.3,Yes
JPN,2005,76.3,Yes
JPN,2006,76.3,Yes
JPN,2007,76.3,Yes
JPN,2008,76.3,Yes
JPN,2009,76.3,Yes
JPN,2010,76.3,Yes
JPN,2011,76.3,Yes
JPN,2012,78.8,Yes
JPN,2013,78.8,Yes
JPN,2014,78.8,Yes
JPN,2015,78.8,Yes
JPN,2016,78.8,Yes
JPN,2017,78.8,Yes
JPN,2018,78.8,Yes
JPN,2019,78.8,Yes
JPN,2020,78.8,Yes
JPN,2021,78.8,Yes
JPN,2022,78.8,Yes
JPN,2023,78.8,Yes
JPN,2024,78.8,Yes
KAZ,1971,55.6,No
KAZ,1972,55,No
KAZ,1973,55,No
KAZ,1974,58.1,No
KAZ,1975,58.1,No
KAZ,1976,58.1,No
KAZ,1977,58.1,No
KAZ,1978,58.1,No
KAZ,1979,58.1,No
KAZ,1980,58.1,No
KAZ,1981,58.1,No
KAZ,1982,58.1,No
KAZ,1983,58.1,No
KAZ,1984,58.1,No
KAZ,1985,58.1,No
KAZ,1986,58.1,No
KAZ,1987,58.1,No
KAZ,1988,58.1,No
KAZ,1989,58.1,No
KAZ,1990,58.1,No
KAZ,1991,58.1,No
KAZ,1992,58.1,No
KAZ,1993,61.3,No
KAZ,1994,61.3,No
KAZ,1995,61.3,No
KAZ,1996,61.3,No
KAZ,1997,61.3,No
KAZ,1998,61.3,No
KAZ,1999,61.3,No
KAZ,2000,61.3,No
KAZ,2001,67.5,No
KAZ,2002,67.5,No
KAZ,2003,67.5,No
KAZ,2004,67.5,No
KAZ,2005,67.5,No
KAZ,2006,67.5,No
KAZ,2007,67.5,No
KAZ,2008,67.5,No
KAZ,2009,70,Yes
KAZ,2010,70,Yes
KAZ,2011,72.5,Yes
KAZ,2012,72.5,Yes
KAZ,2013,72.5,Yes
KAZ,2014,72.5,Yes
KAZ,2015,72.5,Yes
KAZ,2016,72.5,Yes
KAZ,2017,69.4,Yes
KAZ,2018,69.4,Yes
KAZ,2019,69.4,Yes
KAZ,2020,69.4,Yes
KAZ,2021,69.4,Yes
KAZ,2022,69.4,Yes
KAZ,2023,75.6,Yes
KAZ,2024,75.6,Yes
KEN,1971,46.3,No
KEN,1972,46.3,No
KEN,1973,49.4,No
KEN,1974,51.9,No
KEN,1975,51.9,No
KEN,1976,51.9,No
KEN,1977,51.9,No
KEN,1978,51.9,No
KEN,1979,51.9,No
KEN,1980,51.9,No
KEN,1981,51.9,No
KEN,1982,51.9,No
KEN,1983,51.9,No
KEN,1984,51.9,No
KEN,1985,51.9,No
KEN,1986,51.9,No
KEN,1987,51.9,No
KEN,1988,51.9,No
KEN,1989,51.9,No
KEN,1990,51.9,No
KEN,1991,51.9,No
KEN,1992,51.9,No
KEN,1993,51.9,No
KEN,1994,51.9,No
KEN,1995,51.9,No
KEN,1996,51.9,No
KEN,1997,51.9,No
KEN,1998,51.9,No
KEN,1999,51.9,No
KEN,2000,51.9,No
KEN,2001,51.9,No
KEN,2002,51.9,No
KEN,2003,51.9,No
KEN,2004,51.9,No
KEN,2005,51.9,No
KEN,2006,51.9,No
KEN,2007,51.9,No
KEN,2008,58.1,No
KEN,2009,75.6,No
KEN,2010,75.6,No
KEN,2011,75.6,No
KEN,2012,75.6,No
KEN,2013,75.6,No
KEN,2014,78.8,No
KEN,2015,81.3,No
KEN,2016,81.3,No
KEN,2017,83.8,No
KEN,2018,83.8,No
KEN,2019,83.8,No
KEN,2020,83.8,No
KEN,2021,83.8,No
KEN,2022,83.8,No
KEN,2023,83.8,No
KEN,2024,83.8,No
KGZ,1971,55.6,No
KGZ,1972,55,No
KGZ,1973,55,No
KGZ,1974,55,No
KGZ,1975,55,No
KGZ,1976,55,No
KGZ,1977,55,No
KGZ,1978,55,No
KGZ,1979,55,No
KGZ,1980,55,No
KGZ,1981,55,No
KGZ,1982,55,No
KGZ,1983,55,No
KGZ,1984,55,No
KGZ,1985,55,No
KGZ,1986,55,No
KGZ,1987,55,No
KGZ,1988,55,No
KGZ,1989,55,No
KGZ,1990,55,No
KGZ,1991,55,No
KGZ,1992,55,No
KGZ,1993,55,No
KGZ,1994,55,No
KGZ,1995,55,No
KGZ,1996,55,No
KGZ,1997,55,No
KGZ,1998,55,No
KGZ,1999,61.3,No
KGZ,2000,61.3,No
KGZ,2001,61.3,No
KGZ,2002,61.3,No
KGZ,2003,61.3,No
KGZ,2004,70,No
KGZ,2005,73.1,No
KGZ,2006,76.3,No
KGZ,2007,76.3,No
KGZ,2008,73.8,No
KGZ,2009,73.8,No
KGZ,2010,76.9,No
KGZ,2011,76.9,No
KGZ,2012,76.9,No
KGZ,2013,76.9,No
KGZ,2014,76.9,No
KGZ,2015,76.9,No
KGZ,2016,76.9,No
KGZ,2017,76.9,No
KGZ,2018,76.9,No
KGZ,2019,76.9,No
KGZ,2020,76.9,No
KGZ,2021,76.9,No
KGZ,2022,76.9,No
KGZ,2023,76.9,No
KGZ,2024,76.9,No
KHM,1971,51.9,No
KHM,1972,51.9,No
KHM,1973,51.9,No
KHM,1974,51.9,No
KHM,1975,51.9,No
KHM,1976,51.9,No
KHM,1977,51.9,No
KHM,1978,51.9,No
KHM,1979,51.9,No
KHM,1980,51.9,No
KHM,1981,51.9,No
KHM,1982,51.9,No
KHM,1983,51.9,No
KHM,1984,51.9,No
KHM,1985,51.9,No
KHM,1986,51.9,No
KHM,1987,51.9,No
KHM,1988,51.9,No
KHM,1989,51.9,No
KHM,1990,51.9,No
KHM,1991,54.4,No
KHM,1992,54.4,No
KHM,1993,54.4,No
KHM,1994,54.4,No
KHM,1995,56.9,No
KHM,1996,56.9,No
KHM,1997,56.9,No
KHM,1998,66.3,No
KHM,1999,66.3,No
KHM,2000,66.3,No
KHM,2001,66.3,No
KHM,2002,66.3,No
KHM,2003,66.3,No
KHM,2004,66.3,No
KHM,2005,66.3,No
KHM,2006,66.3,No
KHM,2007,68.8,No
KHM,2008,68.8,No
KHM,2009,68.8,No
KHM,2010,68.8,No
KHM,2011,75,No
KHM,2012,75,No
KHM,2013,75,No
KHM,2014,75,No
KHM,2015,75,No
KHM,2016,75,No
KHM,2017,75,No
KHM,2018,75,No
KHM,2019,75,No
KHM,2020,75,No
KHM,2021,75,No
KHM,2022,81.3,No
KHM,2023,81.3,No
KHM,2024,81.3,No
KIR,1971,46.3,No
KIR,1972,46.3,No
KIR,1973,46.3,No
KIR,1974,46.3,No
KIR,1975,46.3,No
KIR,1976,46.3,No
KIR,1977,46.3,No
KIR,1978,46.3,No
KIR,1979,52.5,No
KIR,1980,52.5,No
KIR,1981,52.5,No
KIR,1982,52.5,No
KIR,1983,52.5,No
KIR,1984,52.5,No
KIR,1985,52.5,No
KIR,1986,52.5,No
KIR,1987,52.5,No
KIR,1988,52.5,No
KIR,1989,52.5,No
KIR,1990,52.5,No
KIR,1991,52.5,No
KIR,1992,52.5,No
KIR,1993,52.5,No
KIR,1994,52.5,No
KIR,1995,52.5,No
KIR,1996,52.5,No
KIR,1997,52.5,No
KIR,1998,52.5,No
KIR,1999,52.5,No
KIR,2000,52.5,No
KIR,2001,52.5,No
KIR,2002,52.5,No
KIR,2003,52.5,No
KIR,2004,52.5,No
KIR,2005,52.5,No
KIR,2006,52.5,No
KIR,2007,52.5,No
KIR,2008,52.5,No
KIR,2009,55.6,No
KIR,2010,58.8,No
KIR,2011,58.8,No
KIR,2012,58.8,No
KIR,2013,58.8,No
KIR,2014,58.8,No
KIR,2015,58.8,No
KIR,2016,61.3,No
KIR,2017,76.3,No
KIR,2018,76.3,No
KIR,2019,76.3,No
KIR,2020,76.3,No
KIR,2021,76.3,No
KIR,2022,76.3,No
KIR,2023,76.3,No
KIR,2024,76.3,No
KNA,1971,58.1,No
KNA,1972,58.1,No
KNA,1973,58.1,No
KNA,1974,60.6,No
KNA,1975,60.6,No
KNA,1976,60.6,No
KNA,1977,60.6,No
KNA,1978,60.6,No
KNA,1979,66.3,No
KNA,1980,66.3,No
KNA,1981,66.3,No
KNA,1982,66.3,No
KNA,1983,66.3,No
KNA,1984,66.3,No
KNA,1985,66.3,No
KNA,1986,66.3,No
KNA,1987,66.3,No
KNA,1988,68.8,No
KNA,1989,68.8,No
KNA,1990,68.8,No
KNA,1991,68.8,No
KNA,1992,68.8,No
KNA,1993,68.8,No
KNA,1994,68.8,No
KNA,1995,68.8,No
KNA,1996,68.8,No
KNA,1997,68.8,No
KNA,1998,68.8,No
KNA,1999,68.8,No
KNA,2000,68.8,No
KNA,2001,71.3,No
KNA,2002,71.3,No
KNA,2003,71.3,No
KNA,2004,71.3,No
KNA,2005,71.3,No
KNA,2006,71.3,No
KNA,2007,71.3,No
KNA,2008,71.3,No
KNA,2009,71.3,No
KNA,2010,71.3,No
KNA,2011,71.3,No
KNA,2012,71.3,No
KNA,2013,71.3,No
KNA,2014,71.3,No
KNA,2015,71.3,No
KNA,2016,71.3,No
KNA,2017,71.3,No
KNA,2018,71.3,No
KNA,2019,71.3,No
KNA,2020,71.3,No
KNA,2021,71.3,No
KNA,2022,71.3,No
KNA,2023,71.3,No
KNA,2024,71.3,No
KOR,1971,38.1,No
KOR,1972,38.1,No
KOR,1973,38.1,No
KOR,1974,38.1,No
KOR,1975,44.4,No
KOR,1976,44.4,No
KOR,1977,44.4,No
KOR,1978,44.4,No
KOR,1979,44.4,No
KOR,1980,44.4,No
KOR,1981,44.4,No
KOR,1982,44.4,No
KOR,1983,44.4,No
KOR,1984,44.4,No
KOR,1985,44.4,No
KOR,1986,44.4,No
KOR,1987,44.4,No
KOR,1988,44.4,No
KOR,1989,44.4,No
KOR,1990,46.9,No
KOR,1991,57.5,No
KOR,1992,57.5,No
KOR,1993,57.5,No
KOR,1994,57.5,No
KOR,1995,57.5,No
KOR,1996,57.5,No
KOR,1997,57.5,No
KOR,1998,60.6,No
KOR,1999,63.1,No
KOR,2000,66.3,No
KOR,2001,66.3,No
KOR,2002,66.3,No
KOR,2003,66.3,No
KOR,2004,66.3,No
KOR,2005,71.3,Yes
KOR,2006,76.3,Yes
KOR,2007,79.4,Yes
KOR,2008,79.4,Yes
KOR,2009,79.4,Yes
KOR,2010,79.4,Yes
KOR,2011,85,Yes
KOR,2012,85,Yes
KOR,2013,85,Yes
KOR,2014,85,Yes
KOR,2015,85,Yes
KOR,2016,85,Yes
KOR,2017,85,Yes
KOR,2018,85,Yes
KOR,2019,85,Yes
KOR,2020,85,Yes
KOR,2021,85,Yes
KOR,2022,88.1,Yes
KOR,2023,88.1,Yes
KOR,2024,88.1,Yes
KSV,1971,67.5,No
KSV,1972,67.5,No
KSV,1973,67.5,No
KSV,1974,67.5,No
KSV,1975,67.5,No
KSV,1976,67.5,No
KSV,1977,67.5,No
KSV,1978,67.5,No
KSV,1979,67.5,No
KSV,1980,67.5,No
KSV,1981,67.5,No
KSV,1982,67.5,No
KSV,1983,67.5,No
KSV,1984,67.5,No
KSV,1985,67.5,No
KSV,1986,67.5,No
KSV,1987,67.5,No
KSV,1988,67.5,No
KSV,1989,67.5,No
KSV,1990,67.5,No
KSV,1991,67.5,No
KSV,1992,67.5,No
KSV,1993,67.5,No
KSV,1994,67.5,No
KSV,1995,67.5,No
KSV,1996,67.5,No
KSV,1997,67.5,No
KSV,1998,70.6,No
KSV,1999,70.6,No
KSV,2000,70.6,No
KSV,2001,70.6,No
KSV,2002,70.6,No
KSV,2003,78.1,No
KSV,2004,80.6,No
KSV,2005,86.9,No
KSV,2006,86.9,No
KSV,2007,86.9,No
KSV,2008,86.9,No
KSV,2009,86.9,No
KSV,2010,86.9,No
KSV,2011,86.9,No
KSV,2012,91.9,No
KSV,2013,91.9,No
KSV,2014,91.9,No
KSV,2015,91.9,No
KSV,2016,91.9,No
KSV,2017,91.9,No
KSV,2018,91.9,No
KSV,2019,91.9,No
KSV,2020,91.9,No
KSV,2021,91.9,No
KSV,2022,91.9,No
KSV,2023,91.9,No
KSV,2024,91.9,No
KWT,1971,23.1,No
KWT,1972,23.1,No
KWT,1973,23.1,No
KWT,1974,23.1,No
KWT,1975,23.1,No
KWT,1976,23.1,No
KWT,1977,23.1,No
KWT,1978,26.3,No
KWT,1979,26.3,No
KWT,1980,26.3,No
KWT,1981,26.3,No
KWT,1982,26.3,No
KWT,1983,26.3,No
KWT,1984,26.3,No
KWT,1985,26.3,No
KWT,1986,26.3,No
KWT,1987,26.3,No
KWT,1988,26.3,No
KWT,1989,26.3,No
KWT,1990,26.3,No
KWT,1991,26.3,No
KWT,1992,26.3,No
KWT,1993,26.3,No
KWT,1994,26.3,No
KWT,1995,26.3,No
KWT,1996,26.3,No
KWT,1997,26.3,No
KWT,1998,26.3,No
KWT,1999,26.3,No
KWT,2000,26.3,No
KWT,2001,26.3,No
KWT,2002,26.3,No
KWT,2003,26.3,No
KWT,2004,26.3,No
KWT,2005,26.3,No
KWT,2006,26.3,No
KWT,2007,26.3,No
KWT,2008,26.3,No
KWT,2009,26.3,No
KWT,2010,26.3,No
KWT,2011,29.4,No
KWT,2012,29.4,No
KWT,2013,29.4,No
KWT,2014,29.4,No
KWT,2015,29.4,No
KWT,2016,29.4,No
KWT,2017,29.4,No
KWT,2018,29.4,No
KWT,2019,29.4,No
KWT,2020,26.3,No
KWT,2021,28.8,No
KWT,2022,38.1,No
KWT,2023,38.1,No
KWT,2024,38.1,No
LAO,1971,34.4,No
LAO,1972,36.9,No
LAO,1973,36.9,No
LAO,1974,36.9,No
LAO,1975,36.9,No
LAO,1976,36.9,No
LAO,1977,40,No
LAO,1978,40,No
LAO,1979,40,No
LAO,1980,40,No
LAO,1981,40,No
LAO,1982,40,No
LAO,1983,40,No
LAO,1984,40,No
LAO,1985,40,No
LAO,1986,40,No
LAO,1987,42.5,No
LAO,1988,42.5,No
LAO,1989,42.5,No
LAO,1990,42.5,No
LAO,1991,42.5,No
LAO,1992,53.1,No
LAO,1993,53.1,No
LAO,1994,53.1,No
LAO,1995,56.3,No
LAO,1996,58.8,No
LAO,1997,58.8,No
LAO,1998,58.8,No
LAO,1999,58.8,No
LAO,2000,58.8,No
LAO,2001,58.8,No
LAO,2002,68.1,No
LAO,2003,68.1,No
LAO,2004,68.1,No
LAO,2005,68.1,No
LAO,2006,70.6,No
LAO,2007,73.8,No
LAO,2008,83.1,No
LAO,2009,83.1,No
LAO,2010,83.1,No
LAO,2011,83.1,No
LAO,2012,83.1,No
LAO,2013,83.1,No
LAO,2014,83.1,No
LAO,2015,85,No
LAO,2016,85,No
LAO,2017,85,No
LAO,2018,85,No
LAO,2019,85,No
LAO,2020,85.6,No
LAO,2021,85.6,No
LAO,2022,85.6,No
LAO,2023,85.6,No
LAO,2024,85.6,No
LBN,1971,44.4,No
LBN,1972,44.4,No
LBN,1973,44.4,No
LBN,1974,44.4,No
LBN,1975,44.4,No
LBN,1976,44.4,No
LBN,1977,44.4,No
LBN,1978,44.4,No
LBN,1979,44.4,No
LBN,1980,44.4,No
LBN,1981,44.4,No
LBN,1982,44.4,No
LBN,1983,44.4,No
LBN,1984,44.4,No
LBN,1985,44.4,No
LBN,1986,44.4,No
LBN,1987,44.4,No
LBN,1988,44.4,No
LBN,1989,44.4,No
LBN,1990,44.4,No
LBN,1991,44.4,No
LBN,1992,44.4,No
LBN,1993,44.4,No
LBN,1994,44.4,No
LBN,1995,44.4,No
LBN,1996,44.4,No
LBN,1997,44.4,No
LBN,1998,44.4,No
LBN,1999,44.4,No
LBN,2000,44.4,No
LBN,2001,50,No
LBN,2002,50,No
LBN,2003,50,No
LBN,2004,50,No
LBN,2005,50,No
LBN,2006,50,No
LBN,2007,50,No
LBN,2008,50,No
LBN,2009,50,No
LBN,2010,50,No
LBN,2011,50,No
LBN,2012,50,No
LBN,2013,50,No
LBN,2014,50,No
LBN,2015,50,No
LBN,2016,52.5,No
LBN,2017,52.5,No
LBN,2018,52.5,No
LBN,2019,52.5,No
LBN,2020,52.5,No
LBN,2021,52.5,No
LBN,2022,58.8,No
LBN,2023,58.8,No
LBN,2024,58.8,No
LBR,1971,43.8,No
LBR,1972,43.8,No
LBR,1973,43.8,No
LBR,1974,63.8,No
LBR,1975,63.8,No
LBR,1976,63.8,No
LBR,1977,63.8,No
LBR,1978,63.8,No
LBR,1979,63.8,No
LBR,1980,63.8,No
LBR,1981,63.8,No
LBR,1982,63.8,No
LBR,1983,63.8,No
LBR,1984,63.8,No
LBR,1985,63.8,No
LBR,1986,63.8,No
LBR,1987,63.8,No
LBR,1988,63.8,No
LBR,1989,63.8,No
LBR,1990,63.8,No
LBR,1991,63.8,No
LBR,1992,63.8,No
LBR,1993,63.8,No
LBR,1994,63.8,No
LBR,1995,63.8,No
LBR,1996,63.8,No
LBR,1997,63.8,No
LBR,1998,63.8,No
LBR,1999,63.8,No
LBR,2000,63.8,No
LBR,2001,63.8,No
LBR,2002,63.8,No
LBR,2003,63.8,No
LBR,2004,63.8,No
LBR,2005,63.8,No
LBR,2006,63.8,No
LBR,2007,63.8,No
LBR,2008,63.8,No
LBR,2009,63.8,No
LBR,2010,63.8,No
LBR,2011,63.8,No
LBR,2012,63.8,No
LBR,2013,63.8,No
LBR,2014,63.8,No
LBR,2015,63.8,No
LBR,2016,63.8,No
LBR,2017,78.8,No
LBR,2018,78.8,No
LBR,2019,81.3,No
LBR,2020,81.3,No
LBR,2021,81.3,No
LBR,2022,81.3,No
LBR,2023,81.3,No
LBR,2024,81.3,No
LBY,1971,36.3,No
LBY,1972,36.3,No
LBY,1973,36.3,No
LBY,1974,36.3,No
LBY,1975,36.3,No
LBY,1976,36.3,No
LBY,1977,36.3,No
LBY,1978,36.3,No
LBY,1979,36.3,No
LBY,1980,36.3,No
LBY,1981,36.3,No
LBY,1982,36.3,No
LBY,1983,36.3,No
LBY,1984,36.3,No
LBY,1985,38.8,No
LBY,1986,38.8,No
LBY,1987,38.8,No
LBY,1988,38.8,No
LBY,1989,38.8,No
LBY,1990,38.8,No
LBY,1991,38.8,No
LBY,1992,38.8,No
LBY,1993,38.8,No
LBY,1994,38.8,No
LBY,1995,38.8,No
LBY,1996,38.8,No
LBY,1997,38.8,No
LBY,1998,38.8,No
LBY,1999,38.8,No
LBY,2000,38.8,No
LBY,2001,38.8,No
LBY,2002,38.8,No
LBY,2003,38.8,No
LBY,2004,38.8,No
LBY,2005,38.8,No
LBY,2006,38.8,No
LBY,2007,38.8,No
LBY,2008,38.8,No
LBY,2009,38.8,No
LBY,2010,38.8,No
LBY,2011,50,No
LBY,2012,50,No
LBY,2013,50,No
LBY,2014,50,No
LBY,2015,50,No
LBY,2016,50,No
LBY,2017,50,No
LBY,2018,50,No
LBY,2019,50,No
LBY,2020,50,No
LBY,2021,50,No
LBY,2022,50,No
LBY,2023,50,No
LBY,2024,50,No
LCA,1971,43.8,No
LCA,1972,50,No
LCA,1973,50,No
LCA,1974,50,No
LCA,1975,50,No
LCA,1976,50,No
LCA,1977,50,No
LCA,1978,50,No
LCA,1979,50,No
LCA,1980,52.5,No
LCA,1981,52.5,No
LCA,1982,52.5,No
LCA,1983,52.5,No
LCA,1984,52.5,No
LCA,1985,52.5,No
LCA,1986,52.5,No
LCA,1987,52.5,No
LCA,1988,52.5,No
LCA,1989,52.5,No
LCA,1990,52.5,No
LCA,1991,63.1,No
LCA,1992,63.1,No
LCA,1993,63.1,No
LCA,1994,63.1,No
LCA,1995,63.1,No
LCA,1996,65.6,No
LCA,1997,65.6,No
LCA,1998,65.6,No
LCA,1999,65.6,No
LCA,2000,65.6,No
LCA,2001,80.6,No
LCA,2002,80.6,No
LCA,2003,80.6,No
LCA,2004,80.6,No
LCA,2005,80.6,No
LCA,2006,80.6,No
LCA,2007,80.6,No
LCA,2008,83.8,No
LCA,2009,83.8,No
LCA,2010,83.8,No
LCA,2011,83.8,No
LCA,2012,83.8,No
LCA,2013,83.8,No
LCA,2014,83.8,No
LCA,2015,83.8,No
LCA,2016,83.8,No
LCA,2017,83.8,No
LCA,2018,83.8,No
LCA,2019,83.8,No
LCA,2020,83.8,No
LCA,2021,83.8,No
LCA,2022,83.8,No
LCA,2023,83.8,No
LCA,2024,83.8,No
LKA,1971,54.4,No
LKA,1972,54.4,No
LKA,1973,54.4,No
LKA,1974,54.4,No
LKA,1975,54.4,No
LKA,1976,54.4,No
LKA,1977,54.4,No
LKA,1978,54.4,No
LKA,1979,54.4,No
LKA,1980,54.4,No
LKA,1981,54.4,No
LKA,1982,54.4,No
LKA,1983,54.4,No
LKA,1984,54.4,No
LKA,1985,54.4,No
LKA,1986,54.4,No
LKA,1987,54.4,No
LKA,1988,54.4,No
LKA,1989,54.4,No
LKA,1990,54.4,No
LKA,1991,54.4,No
LKA,1992,54.4,No
LKA,1993,54.4,No
LKA,1994,54.4,No
LKA,1995,54.4,No
LKA,1996,54.4,No
LKA,1997,60.6,No
LKA,1998,60.6,No
LKA,1999,60.6,No
LKA,2000,60.6,No
LKA,2001,60.6,No
LKA,2002,60.6,No
LKA,2003,60.6,No
LKA,2004,60.6,No
LKA,2005,60.6,No
LKA,2006,60.6,No
LKA,2007,63.1,No
LKA,2008,63.1,No
LKA,2009,63.1,No
LKA,2010,63.1,No
LKA,2011,63.1,No
LKA,2012,63.1,No
LKA,2013,63.1,No
LKA,2014,63.1,No
LKA,2015,63.1,No
LKA,2016,63.1,No
LKA,2017,63.1,No
LKA,2018,63.1,No
LKA,2019,63.1,No
LKA,2020,63.1,No
LKA,2021,63.1,No
LKA,2022,63.1,No
LKA,2023,65.6,No
LKA,2024,65.6,No
LSO,1971,28.8,No
LSO,1972,28.8,No
LSO,1973,28.8,No
LSO,1974,28.8,No
LSO,1975,28.8,No
LSO,1976,28.8,No
LSO,1977,28.8,No
LSO,1978,28.8,No
LSO,1979,28.8,No
LSO,1980,28.8,No
LSO,1981,28.8,No
LSO,1982,28.8,No
LSO,1983,28.8,No
LSO,1984,28.8,No
LSO,1985,28.8,No
LSO,1986,28.8,No
LSO,1987,28.8,No
LSO,1988,28.8,No
LSO,1989,28.8,No
LSO,1990,28.8,No
LSO,1991,28.8,No
LSO,1992,28.8,No
LSO,1993,31.3,No
LSO,1994,43.1,No
LSO,1995,43.1,No
LSO,1996,43.1,No
LSO,1997,43.1,No
LSO,1998,43.1,No
LSO,1999,43.1,No
LSO,2000,43.1,No
LSO,2001,43.1,No
LSO,2002,43.1,No
LSO,2003,43.1,No
LSO,2004,43.1,No
LSO,2005,43.1,No
LSO,2006,52.5,No
LSO,2007,72.5,No
LSO,2008,75.6,No
LSO,2009,75.6,No
LSO,2010,75.6,No
LSO,2011,78.1,No
LSO,2012,78.1,No
LSO,2013,78.1,No
LSO,2014,78.1,No
LSO,2015,78.1,No
LSO,2016,78.1,No
LSO,2017,78.1,No
LSO,2018,78.1,No
LSO,2019,78.1,No
LSO,2020,78.1,No
LSO,2021,78.1,No
LSO,2022,78.1,No
LSO,2023,78.1,No
LSO,2024,80.6,No
LTU,1971,55.6,No
LTU,1972,55.6,No
LTU,1973,58.1,No
LTU,1974,61.3,No
LTU,1975,61.3,No
LTU,1976,61.3,No
LTU,1977,61.3,No
LTU,1978,61.3,No
LTU,1979,61.3,No
LTU,1980,61.3,No
LTU,1981,61.3,No
LTU,1982,61.3,No
LTU,1983,61.3,No
LTU,1984,61.3,No
LTU,1985,61.3,No
LTU,1986,61.3,No
LTU,1987,61.3,No
LTU,1988,61.3,No
LTU,1989,61.3,No
LTU,1990,61.3,No
LTU,1991,61.3,No
LTU,1992,61.3,No
LTU,1993,61.3,No
LTU,1994,61.3,No
LTU,1995,61.3,No
LTU,1996,67.5,No
LTU,1997,67.5,No
LTU,1998,67.5,No
LTU,1999,67.5,No
LTU,2000,73.8,No
LTU,2001,73.8,No
LTU,2002,79.4,Yes
LTU,2003,79.4,Yes
LTU,2004,79.4,Yes
LTU,2005,88.8,Yes
LTU,2006,88.8,Yes
LTU,2007,88.8,Yes
LTU,2008,88.8,Yes
LTU,2009,91.3,Yes
LTU,2010,91.3,Yes
LTU,2011,91.3,Yes
LTU,2012,91.3,Yes
LTU,2013,93.8,Yes
LTU,2014,93.8,Yes
LTU,2015,93.8,Yes
LTU,2016,93.8,Yes
LTU,2017,93.8,Yes
LTU,2018,93.8,Yes
LTU,2019,93.8,Yes
LTU,2020,93.8,Yes
LTU,2021,93.8,Yes
LTU,2022,93.8,Yes
LTU,2023,93.8,Yes
LTU,2024,93.8,Yes
LUX,1971,40,No
LUX,1972,40,No
LUX,1973,40,No
LUX,1974,60.6,No
LUX,1975,63.1,No
LUX,1976,66.3,No
LUX,1977,71.3,No
LUX,1978,71.3,No
LUX,1979,71.3,No
LUX,1980,71.3,No
LUX,1981,71.3,No
LUX,1982,71.3,No
LUX,1983,74.4,No
LUX,1984,74.4,No
LUX,1985,74.4,No
LUX,1986,74.4,No
LUX,1987,74.4,No
LUX,1988,74.4,No
LUX,1989,74.4,No
LUX,1990,74.4,No
LUX,1991,74.4,No
LUX,1992,74.4,No
LUX,1993,74.4,No
LUX,1994,74.4,No
LUX,1995,74.4,No
LUX,1996,74.4,No
LUX,1997,74.4,No
LUX,1998,74.4,No
LUX,1999,74.4,No
LUX,2000,76.9,Yes
LUX,2001,83.1,Yes
LUX,2002,83.1,Yes
LUX,2003,86.3,Yes
LUX,2004,86.3,Yes
LUX,2005,88.8,Yes
LUX,2006,88.8,Yes
LUX,2007,88.8,Yes
LUX,2008,88.8,Yes
LUX,2009,95,Yes
LUX,2010,95,Yes
LUX,2011,95,Yes
LUX,2012,97.5,Yes
LUX,2013,97.5,Yes
LUX,2014,97.5,Yes
LUX,2015,97.5,Yes
LUX,2016,100,Yes
LUX,2017,100,Yes
LUX,2018,100,Yes
LUX,2019,100,Yes
LUX,2020,100,Yes
LUX,2021,100,Yes
LUX,2022,100,Yes
LUX,2023,100,Yes
LUX,2024,100,Yes
LVA,1971,53.1,No
LVA,1972,55.6,No
LVA,1973,55,No
LVA,1974,55,No
LVA,1975,55,No
LVA,1976,55,No
LVA,1977,55,No
LVA,1978,55,No
LVA,1979,55,No
LVA,1980,55,No
LVA,1981,55,No
LVA,1982,55,No
LVA,1983,55,No
LVA,1984,55,No
LVA,1985,55,No
LVA,1986,55,No
LVA,1987,55,No
LVA,1988,55,No
LVA,1989,55,No
LVA,1990,55,No
LVA,1991,55,No
LVA,1992,55,No
LVA,1993,55,No
LVA,1994,55,No
LVA,1995,55,No
LVA,1996,55,No
LVA,1997,55,No
LVA,1998,67.5,No
LVA,1999,67.5,No
LVA,2000,67.5,No
LVA,2001,67.5,No
LVA,2002,67.5,No
LVA,2003,70.6,No
LVA,2004,88.1,Yes
LVA,2005,94.4,Yes
LVA,2006,94.4,Yes
LVA,2007,94.4,Yes
LVA,2008,94.4,Yes
LVA,2009,97.5,Yes
LVA,2010,97.5,Yes
LVA,2011,97.5,Yes
LVA,2012,97.5,Yes
LVA,2013,97.5,Yes
LVA,2014,97.5,Yes
LVA,2015,100,Yes
LVA,2016,100,Yes
LVA,2017,100,Yes
LVA,2018,100,Yes
LVA,2019,100,Yes
LVA,2020,100,Yes
LVA,2021,100,Yes
LVA,2022,100,Yes
LVA,2023,100,Yes
LVA,2024,100,Yes
MAR,1971,38.1,No
MAR,1972,38.1,No
MAR,1973,38.1,No
MAR,1974,38.1,No
MAR,1975,38.1,No
MAR,1976,38.1,No
MAR,1977,38.1,No
MAR,1978,38.1,No
MAR,1979,38.1,No
MAR,1980,38.1,No
MAR,1981,38.1,No
MAR,1982,38.1,No
MAR,1983,38.1,No
MAR,1984,38.1,No
MAR,1985,38.1,No
MAR,1986,38.1,No
MAR,1987,38.1,No
MAR,1988,38.1,No
MAR,1989,38.1,No
MAR,1990,38.1,No
MAR,1991,38.1,No
MAR,1992,38.1,No
MAR,1993,38.1,No
MAR,1994,38.1,No
MAR,1995,41.3,No
MAR,1996,41.3,No
MAR,1997,44.4,No
MAR,1998,44.4,No
MAR,1999,44.4,No
MAR,2000,44.4,No
MAR,2001,44.4,No
MAR,2002,44.4,No
MAR,2003,44.4,No
MAR,2004,44.4,No
MAR,2005,70.6,No
MAR,2006,73.1,No
MAR,2007,73.1,No
MAR,2008,73.1,No
MAR,2009,73.1,No
MAR,2010,73.1,No
MAR,2011,73.1,No
MAR,2012,73.1,No
MAR,2013,73.1,No
MAR,2014,73.1,No
MAR,2015,73.1,No
MAR,2016,73.1,No
MAR,2017,73.1,No
MAR,2018,73.1,No
MAR,2019,75.6,No
MAR,2020,75.6,No
MAR,2021,75.6,No
MAR,2022,75.6,No
MAR,2023,75.6,No
MAR,2024,75.6,No
MDA,1971,55.6,No
MDA,1972,55,No
MDA,1973,55,No
MDA,1974,55,No
MDA,1975,55,No
MDA,1976,55,No
MDA,1977,55,No
MDA,1978,55,No
MDA,1979,55,No
MDA,1980,55,No
MDA,1981,55,No
MDA,1982,55,No
MDA,1983,55,No
MDA,1984,55,No
MDA,1985,55,No
MDA,1986,55,No
MDA,1987,55,No
MDA,1988,55,No
MDA,1989,55,No
MDA,1990,55,No
MDA,1991,55,No
MDA,1992,57.5,Yes
MDA,1993,57.5,Yes
MDA,1994,57.5,Yes
MDA,1995,57.5,Yes
MDA,1996,57.5,Yes
MDA,1997,57.5,Yes
MDA,1998,60.6,Yes
MDA,1999,60.6,Yes
MDA,2000,63.8,Yes
MDA,2001,63.8,Yes
MDA,2002,63.8,Yes
MDA,2003,63.8,Yes
MDA,2004,70,Yes
MDA,2005,70,Yes
MDA,2006,70,Yes
MDA,2007,76.3,Yes
MDA,2008,78.8,Yes
MDA,2009,78.8,Yes
MDA,2010,78.8,Yes
MDA,2011,78.8,Yes
MDA,2012,81.9,Yes
MDA,2013,81.9,Yes
MDA,2014,81.9,Yes
MDA,2015,81.9,Yes
MDA,2016,81.9,Yes
MDA,2017,81.9,Yes
MDA,2018,84.4,Yes
MDA,2019,87.5,Yes
MDA,2020,87.5,Yes
MDA,2021,87.5,Yes
MDA,2022,87.5,Yes
MDA,2023,87.5,Yes
MDA,2024,90.6,Yes
MDG,1971,37.5,No
MDG,1972,37.5,No
MDG,1973,37.5,No
MDG,1974,37.5,No
MDG,1975,37.5,No
MDG,1976,40,No
MDG,1977,40,No
MDG,1978,40,No
MDG,1979,40,No
MDG,1980,40,No
MDG,1981,40,No
MDG,1982,40,No
MDG,1983,40,No
MDG,1984,40,No
MDG,1985,40,No
MDG,1986,40,No
MDG,1987,40,No
MDG,1988,40,No
MDG,1989,40,No
MDG,1990,40,No
MDG,1991,40,No
MDG,1992,40,No
MDG,1993,40,No
MDG,1994,40,No
MDG,1995,40,No
MDG,1996,43.1,No
MDG,1997,43.1,No
MDG,1998,43.1,No
MDG,1999,43.1,No
MDG,2000,43.1,No
MDG,2001,43.1,No
MDG,2002,49.4,No
MDG,2003,49.4,No
MDG,2004,49.4,No
MDG,2005,49.4,No
MDG,2006,55.6,No
MDG,2007,55.6,No
MDG,2008,55.6,No
MDG,2009,60.6,No
MDG,2010,60.6,No
MDG,2011,60.6,No
MDG,2012,60.6,No
MDG,2013,60.6,No
MDG,2014,60.6,No
MDG,2015,66.9,No
MDG,2016,66.9,No
MDG,2017,66.9,No
MDG,2018,66.9,No
MDG,2019,66.9,No
MDG,2020,66.9,No
MDG,2021,69.4,No
MDG,2022,69.4,No
MDG,2023,69.4,No
MDG,2024,69.4,No
MDV,1971,44.4,No
MDV,1972,44.4,No
MDV,1973,44.4,No
MDV,1974,44.4,No
MDV,1975,44.4,No
MDV,1976,44.4,No
MDV,1977,44.4,No
MDV,1978,44.4,No
MDV,1979,44.4,No
MDV,1980,44.4,No
MDV,1981,44.4,No
MDV,1982,44.4,No
MDV,1983,44.4,No
MDV,1984,44.4,No
MDV,1985,44.4,No
MDV,1986,44.4,No
MDV,1987,44.4,No
MDV,1988,44.4,No
MDV,1989,44.4,No
MDV,1990,44.4,No
MDV,1991,44.4,No
MDV,1992,44.4,No
MDV,1993,44.4,No
MDV,1994,44.4,No
MDV,1995,44.4,No
MDV,1996,44.4,No
MDV,1997,44.4,No
MDV,1998,44.4,No
MDV,1999,44.4,No
MDV,2000,44.4,No
MDV,2001,44.4,No
MDV,2002,44.4,No
MDV,2003,44.4,No
MDV,2004,44.4,No
MDV,2005,44.4,No
MDV,2006,44.4,No
MDV,2007,44.4,No
MDV,2008,44.4,No
MDV,2009,50.6,No
MDV,2010,61.9,No
MDV,2011,61.9,No
MDV,2012,61.9,No
MDV,2013,64.4,No
MDV,2014,64.4,No
MDV,2015,70.6,No
MDV,2016,70.6,No
MDV,2017,70.6,No
MDV,2018,73.8,No
MDV,2019,73.8,No
MDV,2020,73.8,No
MDV,2021,73.8,No
MDV,2022,73.8,No
MDV,2023,73.8,No
MDV,2024,73.8,No
MEX,1971,55,No
MEX,1972,55,No
MEX,1973,55,No
MEX,1974,55,No
MEX,1975,55,No
MEX,1976,58.1,No
MEX,1977,58.1,No
MEX,1978,58.1,No
MEX,1979,58.1,No
MEX,1980,58.1,No
MEX,1981,58.1,No
MEX,1982,58.1,No
MEX,1983,58.1,No
MEX,1984,58.1,No
MEX,1985,61.3,No
MEX,1986,61.3,No
MEX,1987,61.3,No
MEX,1988,61.3,No
MEX,1989,61.3,No
MEX,1990,61.3,No
MEX,1991,61.3,No
MEX,1992,67.5,No
MEX,1993,67.5,No
MEX,1994,67.5,No
MEX,1995,67.5,No
MEX,1996,67.5,No
MEX,1997,67.5,No
MEX,1998,67.5,No
MEX,1999,67.5,No
MEX,2000,67.5,No
MEX,2001,72.5,No
MEX,2002,72.5,No
MEX,2003,72.5,No
MEX,2004,72.5,No
MEX,2005,72.5,No
MEX,2006,72.5,No
MEX,2007,72.5,No
MEX,2008,75,No
MEX,2009,75,No
MEX,2010,77.5,No
MEX,2011,77.5,No
MEX,2012,77.5,No
MEX,2013,77.5,No
MEX,2014,85.6,No
MEX,2015,88.8,No
MEX,2016,88.8,No
MEX,2017,88.8,No
MEX,2018,88.8,No
MEX,2019,88.8,No
MEX,2020,88.8,No
MEX,2021,88.8,No
MEX,2022,88.8,No
MEX,2023,88.8,No
MEX,2024,88.8,No
MHL,1971,53.8,No
MHL,1972,53.8,No
MHL,1973,53.8,No
MHL,1974,53.8,No
MHL,1975,53.8,No
MHL,1976,53.8,No
MHL,1977,53.8,No
MHL,1978,53.8,No
MHL,1979,53.8,No
MHL,1980,53.8,No
MHL,1981,53.8,No
MHL,1982,53.8,No
MHL,1983,53.8,No
MHL,1984,53.8,No
MHL,1985,53.8,No
MHL,1986,53.8,No
MHL,1987,53.8,No
MHL,1988,53.8,No
MHL,1989,53.8,No
MHL,1990,53.8,No
MHL,1991,53.8,No
MHL,1992,53.8,No
MHL,1993,53.8,No
MHL,1994,53.8,No
MHL,1995,53.8,No
MHL,1996,53.8,No
MHL,1997,53.8,No
MHL,1998,53.8,No
MHL,1999,53.8,No
MHL,2000,53.8,No
MHL,2001,53.8,No
MHL,2002,53.8,No
MHL,2003,53.8,No
MHL,2004,53.8,No
MHL,2005,53.8,No
MHL,2006,53.8,No
MHL,2007,53.8,No
MHL,2008,53.8,No
MHL,2009,53.8,No
MHL,2010,53.8,No
MHL,2011,53.8,No
MHL,2012,53.8,No
MHL,2013,56.3,No
MHL,2014,56.3,No
MHL,2015,56.3,No
MHL,2016,56.3,No
MHL,2017,56.3,No
MHL,2018,56.3,No
MHL,2019,56.3,No
MHL,2020,56.3,No
MHL,2021,65.6,No
MHL,2022,65.6,No
MHL,2023,65.6,No
MHL,2024,65.6,No
MKD,1971,61.9,No
MKD,1972,61.9,No
MKD,1973,61.9,No
MKD,1974,61.9,No
MKD,1975,61.9,No
MKD,1976,61.9,No
MKD,1977,61.9,No
MKD,1978,61.9,No
MKD,1979,61.9,No
MKD,1980,61.9,No
MKD,1981,61.9,No
MKD,1982,61.9,No
MKD,1983,61.9,No
MKD,1984,61.9,No
MKD,1985,61.9,No
MKD,1986,61.9,No
MKD,1987,61.9,No
MKD,1988,61.9,No
MKD,1989,61.9,No
MKD,1990,61.9,No
MKD,1991,61.9,No
MKD,1992,61.9,No
MKD,1993,61.9,No
MKD,1994,61.9,No
MKD,1995,65,No
MKD,1996,65,No
MKD,1997,65,No
MKD,1998,65,No
MKD,1999,65,No
MKD,2000,65,No
MKD,2001,65,No
MKD,2002,65,No
MKD,2003,65,No
MKD,2004,68.1,No
MKD,2005,68.1,No
MKD,2006,68.1,No
MKD,2007,76.9,No
MKD,2008,76.9,No
MKD,2009,76.9,No
MKD,2010,76.9,No
MKD,2011,82.5,No
MKD,2012,82.5,No
MKD,2013,82.5,No
MKD,2014,82.5,No
MKD,2015,82.5,No
MKD,2016,85,No
MKD,2017,85,No
MKD,2018,85,No
MKD,2019,85,No
MKD,2020,85,No
MKD,2021,85,No
MKD,2022,85,No
MKD,2023,85,No
MKD,2024,85,No
MLI,1971,41.3,No
MLI,1972,41.3,No
MLI,1973,41.3,No
MLI,1974,41.3,No
MLI,1975,41.3,No
MLI,1976,41.3,No
MLI,1977,41.3,No
MLI,1978,41.3,No
MLI,1979,41.3,No
MLI,1980,41.3,No
MLI,1981,41.3,No
MLI,1982,41.3,No
MLI,1983,41.3,No
MLI,1984,41.3,No
MLI,1985,41.3,No
MLI,1986,41.3,No
MLI,1987,41.3,No
MLI,1988,41.3,No
MLI,1989,41.3,No
MLI,1990,41.3,No
MLI,1991,41.3,No
MLI,1992,41.3,No
MLI,1993,41.3,No
MLI,1994,46.3,No
MLI,1995,46.3,No
MLI,1996,46.3,No
MLI,1997,46.3,No
MLI,1998,46.3,No
MLI,1999,46.3,No
MLI,2000,46.3,No
MLI,2001,49.4,No
MLI,2002,49.4,No
MLI,2003,49.4,No
MLI,2004,49.4,No
MLI,2005,49.4,No
MLI,2006,49.4,No
MLI,2007,49.4,No
MLI,2008,49.4,No
MLI,2009,49.4,No
MLI,2010,49.4,No
MLI,2011,49.4,No
MLI,2012,49.4,No
MLI,2013,54.4,No
MLI,2014,54.4,No
MLI,2015,54.4,No
MLI,2016,54.4,No
MLI,2017,54.4,No
MLI,2018,54.4,No
MLI,2019,63.8,No
MLI,2020,63.8,No
MLI,2021,63.8,No
MLI,2022,63.8,No
MLI,2023,63.8,No
MLI,2024,63.8,No
MLT,1971,35,No
MLT,1972,35,No
MLT,1973,35,No
MLT,1974,35,No
MLT,1975,44.4,No
MLT,1976,44.4,No
MLT,1977,44.4,No
MLT,1978,44.4,No
MLT,1979,44.4,No
MLT,1980,44.4,No
MLT,1981,44.4,No
MLT,1982,50,No
MLT,1983,50,No
MLT,1984,50,No
MLT,1985,50,No
MLT,1986,50,No
MLT,1987,50,No
MLT,1988,46.9,No
MLT,1989,46.9,No
MLT,1990,46.9,No
MLT,1991,46.9,No
MLT,1992,46.9,No
MLT,1993,46.9,No
MLT,1994,46.9,No
MLT,1995,57.5,No
MLT,1996,57.5,No
MLT,1997,57.5,No
MLT,1998,57.5,No
MLT,1999,57.5,No
MLT,2000,57.5,No
MLT,2001,57.5,No
MLT,2002,60,No
MLT,2003,60,No
MLT,2004,69.4,No
MLT,2005,69.4,No
MLT,2006,72.5,No
MLT,2007,75,No
MLT,2008,75,No
MLT,2009,77.5,No
MLT,2010,77.5,No
MLT,2011,77.5,No
MLT,2012,77.5,No
MLT,2013,82.5,No
MLT,2014,82.5,No
MLT,2015,82.5,No
MLT,2016,88.8,No
MLT,2017,88.8,No
MLT,2018,88.8,No
MLT,2019,88.8,No
MLT,2020,88.8,No
MLT,2021,88.8,No
MLT,2022,88.8,No
MLT,2023,91.3,Yes
MLT,2024,91.3,Yes
MMR,1971,53.8,No
MMR,1972,53.8,No
MMR,1973,53.8,No
MMR,1974,53.8,No
MMR,1975,53.8,No
MMR,1976,53.8,No
MMR,1977,53.8,No
MMR,1978,53.8,No
MMR,1979,53.8,No
MMR,1980,53.8,No
MMR,1981,53.8,No
MMR,1982,53.8,No
MMR,1983,53.8,No
MMR,1984,53.8,No
MMR,1985,53.8,No
MMR,1986,53.8,No
MMR,1987,53.8,No
MMR,1988,53.8,No
MMR,1989,53.8,No
MMR,1990,53.8,No
MMR,1991,53.8,No
MMR,1992,53.8,No
MMR,1993,53.8,No
MMR,1994,53.8,No
MMR,1995,53.8,No
MMR,1996,53.8,No
MMR,1997,53.8,No
MMR,1998,53.8,No
MMR,1999,53.8,No
MMR,2000,53.8,No
MMR,2001,53.8,No
MMR,2002,53.8,No
MMR,2003,53.8,No
MMR,2004,53.8,No
MMR,2005,53.8,No
MMR,2006,53.8,No
MMR,2007,53.8,No
MMR,2008,53.8,No
MMR,2009,53.8,No
MMR,2010,53.8,No
MMR,2011,53.8,No
MMR,2012,53.8,No
MMR,2013,53.8,No
MMR,2014,58.8,No
MMR,2015,58.8,No
MMR,2016,58.8,No
MMR,2017,58.8,No
MMR,2018,58.8,No
MMR,2019,58.8,No
MMR,2020,58.8,No
MMR,2021,58.8,No
MMR,2022,58.8,No
MMR,2023,58.8,No
MMR,2024,58.8,No
MNE,1971,58.1,No
MNE,1972,58.1,No
MNE,1973,58.1,No
MNE,1974,58.1,No
MNE,1975,58.1,No
MNE,1976,58.1,No
MNE,1977,58.1,No
MNE,1978,58.1,No
MNE,1979,58.1,No
MNE,1980,58.1,No
MNE,1981,58.1,No
MNE,1982,58.1,No
MNE,1983,58.1,No
MNE,1984,58.1,No
MNE,1985,58.1,No
MNE,1986,58.1,No
MNE,1987,58.1,No
MNE,1988,58.1,No
MNE,1989,58.1,No
MNE,1990,58.1,No
MNE,1991,58.1,No
MNE,1992,61.3,No
MNE,1993,61.3,No
MNE,1994,61.3,No
MNE,1995,61.3,No
MNE,1996,61.3,No
MNE,1997,61.3,No
MNE,1998,61.3,No
MNE,1999,61.3,No
MNE,2000,61.3,No
MNE,2001,61.3,No
MNE,2002,61.3,No
MNE,2003,61.3,No
MNE,2004,64.4,No
MNE,2005,67.5,No
MNE,2006,67.5,No
MNE,2007,67.5,No
MNE,2008,67.5,No
MNE,2009,70.6,No
MNE,2010,67.5,No
MNE,2011,67.5,No
MNE,2012,73.1,No
MNE,2013,75.6,Yes
MNE,2014,78.8,Yes
MNE,2015,78.8,Yes
MNE,2016,78.8,Yes
MNE,2017,78.8,Yes
MNE,2018,78.8,Yes
MNE,2019,78.8,Yes
MNE,2020,78.8,Yes
MNE,2021,85,Yes
MNE,2022,85,Yes
MNE,2023,85,Yes
MNE,2024,85,Yes
MNG,1971,61.9,No
MNG,1972,61.9,No
MNG,1973,61.9,No
MNG,1974,61.9,No
MNG,1975,61.9,No
MNG,1976,61.9,No
MNG,1977,61.9,No
MNG,1978,61.9,No
MNG,1979,61.9,No
MNG,1980,61.9,No
MNG,1981,61.9,No
MNG,1982,61.9,No
MNG,1983,61.9,No
MNG,1984,61.9,No
MNG,1985,61.9,No
MNG,1986,61.9,No
MNG,1987,61.9,No
MNG,1988,61.9,No
MNG,1989,61.9,No
MNG,1990,61.9,No
MNG,1991,65,No
MNG,1992,67.5,No
MNG,1993,67.5,No
MNG,1994,67.5,No
MNG,1995,67.5,No
MNG,1996,67.5,No
MNG,1997,67.5,No
MNG,1998,67.5,No
MNG,1999,67.5,No
MNG,2000,67.5,No
MNG,2001,67.5,No
MNG,2002,67.5,No
MNG,2003,67.5,No
MNG,2004,67.5,No
MNG,2005,67.5,No
MNG,2006,67.5,No
MNG,2007,67.5,No
MNG,2008,67.5,No
MNG,2009,67.5,No
MNG,2010,70.6,No
MNG,2011,70.6,No
MNG,2012,80,No
MNG,2013,80,No
MNG,2014,80,No
MNG,2015,80,No
MNG,2016,80,No
MNG,2017,80,No
MNG,2018,82.5,No
MNG,2019,85,Yes
MNG,2020,85,Yes
MNG,2021,85,Yes
MNG,2022,85,Yes
MNG,2023,90.6,Yes
MNG,2024,90.6,Yes
MOZ,1971,33.8,No
MOZ,1972,33.8,No
MOZ,1973,33.8,No
MOZ,1974,33.8,No
MOZ,1975,33.8,No
MOZ,1976,33.8,No
MOZ,1977,33.8,No
MOZ,1978,33.8,No
MOZ,1979,33.8,No
MOZ,1980,33.8,No
MOZ,1981,33.8,No
MOZ,1982,33.8,No
MOZ,1983,33.8,No
MOZ,1984,33.8,No
MOZ,1985,33.8,No
MOZ,1986,33.8,No
MOZ,1987,33.8,No
MOZ,1988,36.3,No
MOZ,1989,36.3,No
MOZ,1990,36.3,No
MOZ,1991,36.3,No
MOZ,1992,36.3,No
MOZ,1993,36.3,No
MOZ,1994,36.3,No
MOZ,1995,36.3,No
MOZ,1996,36.3,No
MOZ,1997,36.3,No
MOZ,1998,36.3,No
MOZ,1999,36.3,No
MOZ,2000,36.3,No
MOZ,2001,36.3,No
MOZ,2002,36.3,No
MOZ,2003,36.3,No
MOZ,2004,36.3,No
MOZ,2005,36.3,No
MOZ,2006,59.4,No
MOZ,2007,59.4,No
MOZ,2008,59.4,No
MOZ,2009,76.9,No
MOZ,2010,76.9,No
MOZ,2011,79.4,No
MOZ,2012,79.4,No
MOZ,2013,79.4,No
MOZ,2014,79.4,No
MOZ,2015,79.4,No
MOZ,2016,79.4,No
MOZ,2017,79.4,No
MOZ,2018,79.4,No
MOZ,2019,82.5,No
MOZ,2020,82.5,No
MOZ,2021,82.5,No
MOZ,2022,82.5,No
MOZ,2023,82.5,No
MOZ,2024,82.5,No
MRT,1971,39.4,No
MRT,1972,39.4,No
MRT,1973,39.4,No
MRT,1974,39.4,No
MRT,1975,41.9,No
MRT,1976,41.9,No
MRT,1977,41.9,No
MRT,1978,41.9,No
MRT,1979,41.9,No
MRT,1980,41.9,No
MRT,1981,41.9,No
MRT,1982,41.9,No
MRT,1983,41.9,No
MRT,1984,41.9,No
MRT,1985,41.9,No
MRT,1986,41.9,No
MRT,1987,41.9,No
MRT,1988,41.9,No
MRT,1989,41.9,No
MRT,1990,41.9,No
MRT,1991,41.9,No
MRT,1992,41.9,No
MRT,1993,41.9,No
MRT,1994,41.9,No
MRT,1995,41.9,No
MRT,1996,41.9,No
MRT,1997,41.9,No
MRT,1998,41.9,No
MRT,1999,41.9,No
MRT,2000,41.9,No
MRT,2001,41.9,No
MRT,2002,41.9,No
MRT,2003,41.9,No
MRT,2004,41.9,No
MRT,2005,41.9,No
MRT,2006,41.9,No
MRT,2007,41.9,No
MRT,2008,41.9,No
MRT,2009,41.9,No
MRT,2010,41.9,No
MRT,2011,41.9,No
MRT,2012,41.9,No
MRT,2013,41.9,No
MRT,2014,41.9,No
MRT,2015,41.9,No
MRT,2016,48.1,No
MRT,2017,48.1,No
MRT,2018,48.1,No
MRT,2019,48.1,No
MRT,2020,48.1,No
MRT,2021,48.1,No
MRT,2022,48.1,No
MRT,2023,48.1,No
MRT,2024,48.1,No
MUS,1971,43.8,No
MUS,1972,43.8,No
MUS,1973,43.8,No
MUS,1974,43.8,No
MUS,1975,43.8,No
MUS,1976,43.8,No
MUS,1977,43.8,No
MUS,1978,50,No
MUS,1979,50,No
MUS,1980,50,No
MUS,1981,50,No
MUS,1982,60.6,No
MUS,1983,60.6,No
MUS,1984,60.6,No
MUS,1985,60.6,No
MUS,1986,60.6,No
MUS,1987,60.6,No
MUS,1988,60.6,No
MUS,1989,60.6,No
MUS,1990,60.6,No
MUS,1991,60.6,No
MUS,1992,60.6,No
MUS,1993,60.6,No
MUS,1994,60.6,No
MUS,1995,60.6,No
MUS,1996,60.6,No
MUS,1997,60.6,No
MUS,1998,63.1,No
MUS,1999,63.1,No
MUS,2000,69.4,No
MUS,2001,69.4,No
MUS,2002,69.4,No
MUS,2003,69.4,No
MUS,2004,69.4,No
MUS,2005,69.4,No
MUS,2006,69.4,No
MUS,2007,69.4,No
MUS,2008,69.4,No
MUS,2009,69.4,No
MUS,2010,83.8,No
MUS,2011,83.8,No
MUS,2012,83.8,No
MUS,2013,83.8,No
MUS,2014,83.8,No
MUS,2015,86.9,No
MUS,2016,86.9,No
MUS,2017,89.4,No
MUS,2018,89.4,No
MUS,2019,89.4,No
MUS,2020,89.4,No
MUS,2021,89.4,No
MUS,2022,89.4,No
MUS,2023,89.4,No
MUS,2024,89.4,No
MWI,1971,42.5,No
MWI,1972,42.5,No
MWI,1973,42.5,No
MWI,1974,42.5,No
MWI,1975,42.5,No
MWI,1976,42.5,No
MWI,1977,42.5,No
MWI,1978,42.5,No
MWI,1979,42.5,No
MWI,1980,42.5,No
MWI,1981,42.5,No
MWI,1982,42.5,No
MWI,1983,42.5,No
MWI,1984,42.5,No
MWI,1985,42.5,No
MWI,1986,42.5,No
MWI,1987,42.5,No
MWI,1988,42.5,No
MWI,1989,42.5,No
MWI,1990,42.5,No
MWI,1991,42.5,No
MWI,1992,42.5,No
MWI,1993,42.5,No
MWI,1994,42.5,No
MWI,1995,45,No
MWI,1996,45,No
MWI,1997,45,No
MWI,1998,45,No
MWI,1999,45,No
MWI,2000,45,No
MWI,2001,57.5,No
MWI,2002,60,No
MWI,2003,60,No
MWI,2004,60,No
MWI,2005,60,No
MWI,2006,60,No
MWI,2007,60,No
MWI,2008,62.5,No
MWI,2009,62.5,No
MWI,2010,62.5,No
MWI,2011,62.5,No
MWI,2012,62.5,No
MWI,2013,68.8,No
MWI,2014,75,No
MWI,2015,75,No
MWI,2016,77.5,No
MWI,2017,77.5,No
MWI,2018,77.5,No
MWI,2019,77.5,No
MWI,2020,77.5,No
MWI,2021,77.5,No
MWI,2022,77.5,No
MWI,2023,80,No
MWI,2024,80,No
MYS,1971,41.9,No
MYS,1972,41.9,No
MYS,1973,41.9,No
MYS,1974,41.9,No
MYS,1975,41.9,No
MYS,1976,41.9,No
MYS,1977,41.9,No
MYS,1978,41.9,No
MYS,1979,41.9,No
MYS,1980,41.9,No
MYS,1981,41.9,No
MYS,1982,41.9,No
MYS,1983,41.9,No
MYS,1984,41.9,No
MYS,1985,41.9,No
MYS,1986,44.4,No
MYS,1987,44.4,No
MYS,1988,44.4,No
MYS,1989,44.4,No
MYS,1990,44.4,No
MYS,1991,44.4,No
MYS,1992,44.4,No
MYS,1993,44.4,No
MYS,1994,44.4,No
MYS,1995,44.4,No
MYS,1996,46.9,No
MYS,1997,46.9,No
MYS,1998,46.9,No
MYS,1999,46.9,No
MYS,2000,46.9,No
MYS,2001,46.9,No
MYS,2002,46.9,No
MYS,2003,46.9,No
MYS,2004,46.9,No
MYS,2005,46.9,No
MYS,2006,46.9,No
MYS,2007,46.9,No
MYS,2008,46.9,No
MYS,2009,46.9,No
MYS,2010,46.9,No
MYS,2011,46.9,No
MYS,2012,46.9,No
MYS,2013,50,No
MYS,2014,50,No
MYS,2015,50,No
MYS,2016,50,No
MYS,2017,50,No
MYS,2018,50,No
MYS,2019,50,No
MYS,2020,50,No
MYS,2021,50,No
MYS,2022,50,No
MYS,2023,50,No
MYS,2024,60.6,No
NAM,1971,33.8,No
NAM,1972,33.8,No
NAM,1973,33.8,No
NAM,1974,33.8,No
NAM,1975,33.8,No
NAM,1976,33.8,No
NAM,1977,33.8,No
NAM,1978,33.8,No
NAM,1979,33.8,No
NAM,1980,33.8,No
NAM,1981,33.8,No
NAM,1982,33.8,No
NAM,1983,33.8,No
NAM,1984,33.8,No
NAM,1985,33.8,No
NAM,1986,33.8,No
NAM,1987,33.8,No
NAM,1988,33.8,No
NAM,1989,33.8,No
NAM,1990,33.8,No
NAM,1991,33.8,No
NAM,1992,33.8,No
NAM,1993,45.6,No
NAM,1994,45.6,No
NAM,1995,45.6,No
NAM,1996,48.1,No
NAM,1997,71.3,No
NAM,1998,71.3,No
NAM,1999,71.3,No
NAM,2000,71.3,No
NAM,2001,71.3,No
NAM,2002,71.3,No
NAM,2003,71.3,No
NAM,2004,71.3,No
NAM,2005,73.8,No
NAM,2006,73.8,No
NAM,2007,73.8,No
NAM,2008,73.8,No
NAM,2009,80,No
NAM,2010,80,No
NAM,2011,80,No
NAM,2012,80,No
NAM,2013,80,No
NAM,2014,80,No
NAM,2015,80,No
NAM,2016,80,No
NAM,2017,80,No
NAM,2018,80,No
NAM,2019,80,No
NAM,2020,80,No
NAM,2021,80,No
NAM,2022,80,No
NAM,2023,80,No
NAM,2024,80,No
NER,1971,36.3,No
NER,1972,36.3,No
NER,1973,36.3,No
NER,1974,38.8,No
NER,1975,38.8,No
NER,1976,38.8,No
NER,1977,38.8,No
NER,1978,38.8,No
NER,1979,38.8,No
NER,1980,38.8,No
NER,1981,38.8,No
NER,1982,38.8,No
NER,1983,38.8,No
NER,1984,38.8,No
NER,1985,38.8,No
NER,1986,38.8,No
NER,1987,38.8,No
NER,1988,38.8,No
NER,1989,38.8,No
NER,1990,38.8,No
NER,1991,38.8,No
NER,1992,38.8,No
NER,1993,38.8,No
NER,1994,38.8,No
NER,1995,38.8,No
NER,1996,38.8,No
NER,1997,38.8,No
NER,1998,47.5,No
NER,1999,47.5,No
NER,2000,47.5,No
NER,2001,47.5,No
NER,2002,47.5,No
NER,2003,47.5,No
NER,2004,47.5,No
NER,2005,53.8,No
NER,2006,53.8,No
NER,2007,53.8,No
NER,2008,53.8,No
NER,2009,53.8,No
NER,2010,53.8,No
NER,2011,53.8,No
NER,2012,53.8,No
NER,2013,53.8,No
NER,2014,53.8,No
NER,2015,53.8,No
NER,2016,53.8,No
NER,2017,53.8,No
NER,2018,53.8,No
NER,2019,56.9,No
NER,2020,56.9,No
NER,2021,56.9,No
NER,2022,56.9,No
NER,2023,53.8,No
NER,2024,53.8,No
NGA,1971,49.4,No
NGA,1972,49.4,No
NGA,1973,54.4,No
NGA,1974,54.4,No
NGA,1975,54.4,No
NGA,1976,54.4,No
NGA,1977,54.4,No
NGA,1978,54.4,No
NGA,1979,54.4,No
NGA,1980,54.4,No
NGA,1981,54.4,No
NGA,1982,54.4,No
NGA,1983,54.4,No
NGA,1984,54.4,No
NGA,1985,54.4,No
NGA,1986,54.4,No
NGA,1987,54.4,No
NGA,1988,54.4,No
NGA,1989,54.4,No
NGA,1990,54.4,No
NGA,1991,54.4,No
NGA,1992,54.4,No
NGA,1993,54.4,No
NGA,1994,54.4,No
NGA,1995,54.4,No
NGA,1996,54.4,No
NGA,1997,54.4,No
NGA,1998,54.4,No
NGA,1999,54.4,No
NGA,2000,54.4,No
NGA,2001,54.4,No
NGA,2002,54.4,No
NGA,2003,54.4,No
NGA,2004,54.4,No
NGA,2005,54.4,No
NGA,2006,54.4,No
NGA,2007,54.4,No
NGA,2008,56.9,No
NGA,2009,56.9,No
NGA,2010,56.9,No
NGA,2011,56.9,No
NGA,2012,56.9,No
NGA,2013,63.1,No
NGA,2014,63.1,No
NGA,2015,63.1,No
NGA,2016,63.1,No
NGA,2017,63.1,No
NGA,2018,63.1,No
NGA,2019,63.1,No
NGA,2020,63.1,No
NGA,2021,63.1,No
NGA,2022,66.3,No
NGA,2023,66.3,No
NGA,2024,66.3,No
NIC,1971,58.8,No
NIC,1972,58.8,No
NIC,1973,58.8,No
NIC,1974,58.8,No
NIC,1975,58.8,No
NIC,1976,58.8,No
NIC,1977,58.8,No
NIC,1978,58.8,No
NIC,1979,58.8,No
NIC,1980,58.8,No
NIC,1981,58.8,No
NIC,1982,58.8,No
NIC,1983,55.6,No
NIC,1984,55.6,No
NIC,1985,55.6,No
NIC,1986,55.6,No
NIC,1987,55.6,No
NIC,1988,55.6,No
NIC,1989,60.6,No
NIC,1990,60.6,No
NIC,1991,60.6,No
NIC,1992,60.6,No
NIC,1993,60.6,No
NIC,1994,60.6,No
NIC,1995,60.6,No
NIC,1996,60.6,No
NIC,1997,60.6,No
NIC,1998,63.8,No
NIC,1999,63.8,No
NIC,2000,63.8,No
NIC,2001,63.8,No
NIC,2002,63.8,No
NIC,2003,63.8,No
NIC,2004,63.8,No
NIC,2005,63.8,No
NIC,2006,63.8,No
NIC,2007,63.8,No
NIC,2008,63.8,No
NIC,2009,72.5,No
NIC,2010,72.5,No
NIC,2011,72.5,No
NIC,2012,72.5,No
NIC,2013,72.5,No
NIC,2014,72.5,No
NIC,2015,75.6,No
NIC,2016,86.3,No
NIC,2017,86.3,No
NIC,2018,86.3,No
NIC,2019,86.3,No
NIC,2020,86.3,No
NIC,2021,86.3,No
NIC,2022,86.3,No
NIC,2023,86.3,No
NIC,2024,86.3,No
NLD,1971,65.6,No
NLD,1972,65.6,No
NLD,1973,65.6,No
NLD,1974,65.6,No
NLD,1975,65.6,No
NLD,1976,68.8,No
NLD,1977,68.8,No
NLD,1978,68.8,No
NLD,1979,68.8,No
NLD,1980,68.8,No
NLD,1981,71.9,No
NLD,1982,71.9,No
NLD,1983,71.9,No
NLD,1984,71.9,No
NLD,1985,71.9,No
NLD,1986,71.9,No
NLD,1987,75,No
NLD,1988,75,No
NLD,1989,75,No
NLD,1990,78.1,No
NLD,1991,83.1,No
NLD,1992,83.1,No
NLD,1993,83.1,No
NLD,1994,83.1,No
NLD,1995,86.3,No
NLD,1996,86.3,No
NLD,1997,86.3,No
NLD,1998,86.3,No
NLD,1999,86.3,No
NLD,2000,89.4,No
NLD,2001,89.4,No
NLD,2002,89.4,No
NLD,2003,89.4,No
NLD,2004,89.4,No
NLD,2005,89.4,No
NLD,2006,89.4,No
NLD,2007,89.4,No
NLD,2008,92.5,No
NLD,2009,92.5,No
NLD,2010,95,No
NLD,2011,95,No
NLD,2012,95,No
NLD,2013,95,No
NLD,2014,95,No
NLD,2015,95,No
NLD,2016,97.5,No
NLD,2017,97.5,No
NLD,2018,97.5,No
NLD,2019,97.5,No
NLD,2020,97.5,No
NLD,2021,97.5,No
NLD,2022,97.5,No
NLD,2023,100,Yes
NLD,2024,100,Yes
NOR,1971,63.8,No
NOR,1972,63.8,No
NOR,1973,63.8,No
NOR,1974,63.8,No
NOR,1975,63.8,No
NOR,1976,63.8,No
NOR,1977,63.8,No
NOR,1978,63.8,No
NOR,1979,73.8,Yes
NOR,1980,80,Yes
NOR,1981,80,Yes
NOR,1982,80,Yes
NOR,1983,80,Yes
NOR,1984,80,Yes
NOR,1985,80,Yes
NOR,1986,80,Yes
NOR,1987,80,Yes
NOR,1988,80,Yes
NOR,1989,80,Yes
NOR,1990,80,Yes
NOR,1991,80,Yes
NOR,1992,80,Yes
NOR,1993,82.5,Yes
NOR,1994,85.6,Yes
NOR,1995,85.6,Yes
NOR,1996,88.1,Yes
NOR,1997,88.1,Yes
NOR,1998,88.1,Yes
NOR,1999,88.1,Yes
NOR,2000,88.1,Yes
NOR,2001,88.1,Yes
NOR,2002,88.1,Yes
NOR,2003,88.1,Yes
NOR,2004,94.4,Yes
NOR,2005,94.4,Yes
NOR,2006,94.4,Yes
NOR,2007,94.4,Yes
NOR,2008,94.4,Yes
NOR,2009,94.4,Yes
NOR,2010,96.9,Yes
NOR,2011,96.9,Yes
NOR,2012,96.9,Yes
NOR,2013,96.9,Yes
NOR,2014,96.9,Yes
NOR,2015,96.9,Yes
NOR,2016,96.9,Yes
NOR,2017,96.9,Yes
NOR,2018,96.9,Yes
NOR,2019,96.9,Yes
NOR,2020,96.9,Yes
NOR,2021,96.9,Yes
NOR,2022,96.9,Yes
NOR,2023,96.9,Yes
NOR,2024,96.9,Yes
NPL,1971,39.4,No
NPL,1972,39.4,No
NPL,1973,39.4,No
NPL,1974,39.4,No
NPL,1975,39.4,No
NPL,1976,39.4,No
NPL,1977,39.4,No
NPL,1978,39.4,No
NPL,1979,39.4,No
NPL,1980,39.4,No
NPL,1981,39.4,No
NPL,1982,39.4,No
NPL,1983,39.4,No
NPL,1984,39.4,No
NPL,1985,39.4,No
NPL,1986,39.4,No
NPL,1987,39.4,No
NPL,1988,39.4,No
NPL,1989,39.4,No
NPL,1990,39.4,No
NPL,1991,39.4,No
NPL,1992,39.4,No
NPL,1993,39.4,No
NPL,1994,39.4,No
NPL,1995,39.4,No
NPL,1996,39.4,No
NPL,1997,39.4,No
NPL,1998,39.4,No
NPL,1999,39.4,No
NPL,2000,39.4,No
NPL,2001,39.4,No
NPL,2002,39.4,No
NPL,2003,44.4,No
NPL,2004,44.4,No
NPL,2005,44.4,No
NPL,2006,44.4,No
NPL,2007,44.4,No
NPL,2008,46.9,No
NPL,2009,46.9,No
NPL,2010,49.4,No
NPL,2011,49.4,No
NPL,2012,49.4,No
NPL,2013,49.4,No
NPL,2014,49.4,No
NPL,2015,49.4,No
NPL,2016,55.6,No
NPL,2017,55.6,No
NPL,2018,55.6,No
NPL,2019,71.9,No
NPL,2020,80.6,No
NPL,2021,80.6,No
NPL,2022,80.6,No
NPL,2023,80.6,No
NPL,2024,80.6,No
NZL,1971,60.6,No
NZL,1972,60.6,No
NZL,1973,60.6,No
NZL,1974,60.6,No
NZL,1975,60.6,No
NZL,1976,60.6,No
NZL,1977,60.6,No
NZL,1978,66.3,No
NZL,1979,69.4,No
NZL,1980,69.4,No
NZL,1981,69.4,No
NZL,1982,75,No
NZL,1983,75,No
NZL,1984,75,No
NZL,1985,75,No
NZL,1986,75,No
NZL,1987,75,No
NZL,1988,81.3,No
NZL,1989,81.3,No
NZL,1990,81.3,No
NZL,1991,81.3,No
NZL,1992,81.3,No
NZL,1993,81.3,No
NZL,1994,81.3,No
NZL,1995,84.4,No
NZL,1996,84.4,No
NZL,1997,86.9,No
NZL,1998,86.9,No
NZL,1999,86.9,No
NZL,2000,86.9,No
NZL,2001,86.9,No
NZL,2002,86.9,No
NZL,2003,86.9,No
NZL,2004,89.4,No
NZL,2005,89.4,No
NZL,2006,89.4,No
NZL,2007,91.9,No
NZL,2008,91.9,No
NZL,2009,91.9,No
NZL,2010,91.9,No
NZL,2011,91.9,No
NZL,2012,91.9,No
NZL,2013,91.9,No
NZL,2014,91.9,No
NZL,2015,91.9,No
NZL,2016,91.9,No
NZL,2017,91.9,No
NZL,2018,94.4,Yes
NZL,2019,94.4,Yes
NZL,2020,94.4,Yes
NZL,2021,97.5,Yes
NZL,2022,97.5,Yes
NZL,2023,97.5,Yes
NZL,2024,97.5,Yes
OMN,1971,26.3,No
OMN,1972,26.3,No
OMN,1973,26.3,No
OMN,1974,26.3,No
OMN,1975,26.3,No
OMN,1976,26.3,No
OMN,1977,26.3,No
OMN,1978,26.3,No
OMN,1979,26.3,No
OMN,1980,26.3,No
OMN,1981,26.3,No
OMN,1982,26.3,No
OMN,1983,26.3,No
OMN,1984,26.3,No
OMN,1985,26.3,No
OMN,1986,26.3,No
OMN,1987,26.3,No
OMN,1988,26.3,No
OMN,1989,26.3,No
OMN,1990,26.3,No
OMN,1991,26.3,No
OMN,1992,26.3,No
OMN,1993,29.4,No
OMN,1994,29.4,No
OMN,1995,29.4,No
OMN,1996,29.4,No
OMN,1997,29.4,No
OMN,1998,29.4,No
OMN,1999,29.4,No
OMN,2000,29.4,No
OMN,2001,29.4,No
OMN,2002,29.4,No
OMN,2003,29.4,No
OMN,2004,32.5,No
OMN,2005,32.5,No
OMN,2006,32.5,No
OMN,2007,32.5,No
OMN,2008,32.5,No
OMN,2009,32.5,No
OMN,2010,32.5,No
OMN,2011,32.5,No
OMN,2012,32.5,No
OMN,2013,32.5,No
OMN,2014,32.5,No
OMN,2015,32.5,No
OMN,2016,32.5,No
OMN,2017,32.5,No
OMN,2018,32.5,No
OMN,2019,32.5,No
OMN,2020,32.5,No
OMN,2021,32.5,No
OMN,2022,35.6,No
OMN,2023,35.6,No
OMN,2024,46.3,No
PAK,1971,38.1,No
PAK,1972,38.1,No
PAK,1973,38.1,No
PAK,1974,38.1,No
PAK,1975,38.1,No
PAK,1976,38.1,No
PAK,1977,44.4,No
PAK,1978,44.4,No
PAK,1979,44.4,No
PAK,1980,44.4,No
PAK,1981,44.4,No
PAK,1982,44.4,No
PAK,1983,44.4,No
PAK,1984,44.4,No
PAK,1985,44.4,No
PAK,1986,41.3,No
PAK,1987,41.3,No
PAK,1988,38.1,No
PAK,1989,38.1,No
PAK,1990,38.1,No
PAK,1991,38.1,No
PAK,1992,38.1,No
PAK,1993,38.1,No
PAK,1994,38.1,No
PAK,1995,38.1,No
PAK,1996,38.1,No
PAK,1997,38.1,No
PAK,1998,38.1,No
PAK,1999,38.1,No
PAK,2000,38.1,No
PAK,2001,38.1,No
PAK,2002,38.1,No
PAK,2003,38.1,No
PAK,2004,38.1,No
PAK,2005,38.1,No
PAK,2006,38.1,No
PAK,2007,38.1,No
PAK,2008,38.1,No
PAK,2009,38.1,No
PAK,2010,38.1,No
PAK,2011,44.4,No
PAK,2012,44.4,No
PAK,2013,44.4,No
PAK,2014,46.9,No
PAK,2015,46.9,No
PAK,2016,46.9,No
PAK,2017,46.9,No
PAK,2018,50,No
PAK,2019,52.5,No
PAK,2020,52.5,No
PAK,2021,55.6,No
PAK,2022,55.6,No
PAK,2023,58.8,No
PAK,2024,58.8,No
PAN,1971,47.5,No
PAN,1972,47.5,No
PAN,1973,47.5,No
PAN,1974,47.5,No
PAN,1975,47.5,No
PAN,1976,47.5,No
PAN,1977,47.5,No
PAN,1978,47.5,No
PAN,1979,47.5,No
PAN,1980,47.5,No
PAN,1981,47.5,No
PAN,1982,47.5,No
PAN,1983,47.5,No
PAN,1984,47.5,No
PAN,1985,47.5,No
PAN,1986,47.5,No
PAN,1987,47.5,No
PAN,1988,47.5,No
PAN,1989,47.5,No
PAN,1990,47.5,No
PAN,1991,47.5,No
PAN,1992,47.5,No
PAN,1993,47.5,No
PAN,1994,47.5,No
PAN,1995,58.8,No
PAN,1996,65,No
PAN,1997,68.1,No
PAN,1998,68.1,No
PAN,1999,68.1,No
PAN,2000,68.1,No
PAN,2001,68.1,No
PAN,2002,68.1,No
PAN,2003,70.6,No
PAN,2004,70.6,No
PAN,2005,70.6,No
PAN,2006,73.8,No
PAN,2007,73.8,No
PAN,2008,73.8,No
PAN,2009,73.8,No
PAN,2010,73.8,No
PAN,2011,73.8,No
PAN,2012,73.8,No
PAN,2013,73.8,No
PAN,2014,73.8,No
PAN,2015,76.9,No
PAN,2016,76.9,No
PAN,2017,76.9,No
PAN,2018,79.4,No
PAN,2019,79.4,No
PAN,2020,79.4,No
PAN,2021,79.4,No
PAN,2022,79.4,No
PAN,2023,79.4,No
PAN,2024,79.4,No
PER,1971,50,No
PER,1972,50,No
PER,1973,50,No
PER,1974,50,No
PER,1975,50,No
PER,1976,50,No
PER,1977,50,No
PER,1978,50,No
PER,1979,50,No
PER,1980,50,No
PER,1981,50,No
PER,1982,50,No
PER,1983,50,No
PER,1984,50,No
PER,1985,50,No
PER,1986,66.3,No
PER,1987,66.3,No
PER,1988,66.3,No
PER,1989,66.3,No
PER,1990,66.3,No
PER,1991,66.3,No
PER,1992,66.3,No
PER,1993,63.1,No
PER,1994,63.1,No
PER,1995,65.6,No
PER,1996,65.6,No
PER,1997,68.8,No
PER,1998,77.5,No
PER,1999,77.5,No
PER,2000,80.6,No
PER,2001,80.6,No
PER,2002,80.6,No
PER,2003,80.6,No
PER,2004,86.9,No
PER,2005,86.9,No
PER,2006,86.9,No
PER,2007,86.9,No
PER,2008,90,No
PER,2009,90,No
PER,2010,90,No
PER,2011,92.5,No
PER,2012,92.5,No
PER,2013,92.5,No
PER,2014,92.5,No
PER,2015,92.5,No
PER,2016,92.5,No
PER,2017,95,No
PER,2018,95,No
PER,2019,95,No
PER,2020,95,No
PER,2021,95,No
PER,2022,95,No
PER,2023,95,No
PER,2024,95,No
PHL,1971,34.4,No
PHL,1972,34.4,No
PHL,1973,34.4,No
PHL,1974,36.9,No
PHL,1975,39.4,No
PHL,1976,39.4,No
PHL,1977,39.4,No
PHL,1978,39.4,No
PHL,1979,39.4,No
PHL,1980,39.4,No
PHL,1981,39.4,No
PHL,1982,39.4,No
PHL,1983,39.4,No
PHL,1984,39.4,No
PHL,1985,39.4,No
PHL,1986,39.4,No
PHL,1987,39.4,No
PHL,1988,39.4,No
PHL,1989,55,No
PHL,1990,58.1,No
PHL,1991,58.1,No
PHL,1992,58.1,No
PHL,1993,61.3,No
PHL,1994,61.3,No
PHL,1995,61.3,No
PHL,1996,67.5,No
PHL,1997,67.5,No
PHL,1998,70,No
PHL,1999,70,No
PHL,2000,70,No
PHL,2001,70,No
PHL,2002,70,No
PHL,2003,70,No
PHL,2004,70,No
PHL,2005,72.5,No
PHL,2006,72.5,No
PHL,2007,72.5,No
PHL,2008,72.5,No
PHL,2009,72.5,No
PHL,2010,72.5,No
PHL,2011,72.5,No
PHL,2012,72.5,No
PHL,2013,78.8,No
PHL,2014,78.8,No
PHL,2015,78.8,No
PHL,2016,78.8,No
PHL,2017,78.8,No
PHL,2018,78.8,No
PHL,2019,78.8,No
PHL,2020,78.8,No
PHL,2021,78.8,No
PHL,2022,78.8,No
PHL,2023,78.8,No
PHL,2024,78.8,No
PLW,1971,53.8,No
PLW,1972,53.8,No
PLW,1973,53.8,No
PLW,1974,53.8,No
PLW,1975,53.8,No
PLW,1976,53.8,No
PLW,1977,53.8,No
PLW,1978,53.8,No
PLW,1979,53.8,No
PLW,1980,53.8,No
PLW,1981,53.8,No
PLW,1982,53.8,No
PLW,1983,53.8,No
PLW,1984,53.8,No
PLW,1985,53.8,No
PLW,1986,53.8,No
PLW,1987,53.8,No
PLW,1988,53.8,No
PLW,1989,53.8,No
PLW,1990,53.8,No
PLW,1991,53.8,No
PLW,1992,53.8,No
PLW,1993,53.8,No
PLW,1994,53.8,No
PLW,1995,53.8,No
PLW,1996,53.8,No
PLW,1997,53.8,No
PLW,1998,53.8,No
PLW,1999,53.8,No
PLW,2000,53.8,No
PLW,2001,53.8,No
PLW,2002,53.8,No
PLW,2003,53.8,No
PLW,2004,53.8,No
PLW,2005,53.8,No
PLW,2006,53.8,No
PLW,2007,53.8,No
PLW,2008,53.8,No
PLW,2009,53.8,No
PLW,2010,53.8,No
PLW,2011,53.8,No
PLW,2012,53.8,No
PLW,2013,53.8,No
PLW,2014,56.3,No
PLW,2015,56.3,No
PLW,2016,56.3,No
PLW,2017,56.3,No
PLW,2018,56.3,No
PLW,2019,56.3,No
PLW,2020,56.3,No
PLW,2021,56.3,No
PLW,2022,56.3,No
PLW,2023,56.3,No
PLW,2024,56.3,No
PNG,1971,48.1,No
PNG,1972,48.1,No
PNG,1973,48.1,No
PNG,1974,48.1,No
PNG,1975,48.1,No
PNG,1976,48.1,No
PNG,1977,48.1,No
PNG,1978,48.1,No
PNG,1979,48.1,No
PNG,1980,51.3,No
PNG,1981,57.5,No
PNG,1982,57.5,No
PNG,1983,57.5,No
PNG,1984,57.5,No
PNG,1985,57.5,No
PNG,1986,57.5,No
PNG,1987,57.5,No
PNG,1988,57.5,No
PNG,1989,57.5,No
PNG,1990,57.5,No
PNG,1991,57.5,No
PNG,1992,57.5,No
PNG,1993,57.5,No
PNG,1994,57.5,No
PNG,1995,57.5,No
PNG,1996,57.5,No
PNG,1997,57.5,No
PNG,1998,57.5,No
PNG,1999,57.5,No
PNG,2000,57.5,No
PNG,2001,57.5,No
PNG,2002,57.5,No
PNG,2003,57.5,No
PNG,2004,57.5,No
PNG,2005,57.5,No
PNG,2006,57.5,No
PNG,2007,57.5,No
PNG,2008,57.5,No
PNG,2009,57.5,No
PNG,2010,57.5,No
PNG,2011,57.5,No
PNG,2012,57.5,No
PNG,2013,57.5,No
PNG,2014,57.5,No
PNG,2015,60,No
PNG,2016,60,No
PNG,2017,60,No
PNG,2018,60,No
PNG,2019,60,No
PNG,2020,60,No
PNG,2021,60,No
PNG,2022,60,No
PNG,2023,60,No
PNG,2024,60,No
POL,1971,62.5,No
POL,1972,62.5,No
POL,1973,62.5,No
POL,1974,65,No
POL,1975,65,No
POL,1976,64.4,No
POL,1977,64.4,No
POL,1978,64.4,No
POL,1979,64.4,No
POL,1980,64.4,No
POL,1981,64.4,No
POL,1982,64.4,No
POL,1983,64.4,No
POL,1984,61.3,No
POL,1985,61.3,No
POL,1986,61.3,No
POL,1987,61.3,No
POL,1988,61.3,No
POL,1989,61.3,No
POL,1990,61.3,No
POL,1991,61.3,No
POL,1992,61.3,No
POL,1993,61.3,No
POL,1994,61.3,No
POL,1995,61.3,No
POL,1996,61.3,No
POL,1997,61.3,No
POL,1998,61.3,No
POL,1999,63.8,No
POL,2000,66.9,No
POL,2001,66.9,No
POL,2002,66.9,No
POL,2003,66.9,No
POL,2004,66.9,No
POL,2005,66.9,No
POL,2006,66.9,No
POL,2007,66.9,No
POL,2008,66.9,No
POL,2009,66.9,No
POL,2010,73.1,No
POL,2011,76.3,No
POL,2012,85,No
POL,2013,85,No
POL,2014,84.4,Yes
POL,2015,84.4,Yes
POL,2016,84.4,Yes
POL,2017,84.4,Yes
POL,2018,93.8,Yes
POL,2019,93.8,Yes
POL,2020,93.8,Yes
POL,2021,93.8,Yes
POL,2022,93.8,Yes
POL,2023,93.8,Yes
POL,2024,93.8,Yes
PRI,1971,58.8,No
PRI,1972,58.8,No
PRI,1973,58.8,No
PRI,1974,58.8,No
PRI,1975,58.8,No
PRI,1976,61.9,No
PRI,1977,61.9,No
PRI,1978,72.5,No
PRI,1979,72.5,No
PRI,1980,72.5,No
PRI,1981,72.5,No
PRI,1982,72.5,No
PRI,1983,72.5,No
PRI,1984,72.5,No
PRI,1985,72.5,No
PRI,1986,72.5,No
PRI,1987,72.5,No
PRI,1988,72.5,No
PRI,1989,78.8,No
PRI,1990,78.8,No
PRI,1991,81.3,No
PRI,1992,81.3,No
PRI,1993,81.3,No
PRI,1994,81.3,No
PRI,1995,81.3,No
PRI,1996,81.3,No
PRI,1997,81.3,No
PRI,1998,81.3,No
PRI,1999,81.3,No
PRI,2000,81.3,No
PRI,2001,81.3,No
PRI,2002,81.3,No
PRI,2003,81.3,No
PRI,2004,81.3,No
PRI,2005,81.3,No
PRI,2006,81.3,No
PRI,2007,81.3,No
PRI,2008,81.3,No
PRI,2009,81.3,No
PRI,2010,81.3,No
PRI,2011,81.3,No
PRI,2012,81.3,No
PRI,2013,81.3,No
PRI,2014,81.3,No
PRI,2015,81.3,No
PRI,2016,81.3,No
PRI,2017,81.3,No
PRI,2018,81.3,No
PRI,2019,81.3,No
PRI,2020,81.3,No
PRI,2021,83.8,No
PRI,2022,83.8,No
PRI,2023,83.8,No
PRI,2024,83.8,No
PRT,1971,39.4,No
PRT,1972,39.4,No
PRT,1973,39.4,No
PRT,1974,39.4,No
PRT,1975,39.4,No
PRT,1976,39.4,No
PRT,1977,39.4,No
PRT,1978,39.4,No
PRT,1979,62.5,No
PRT,1980,62.5,No
PRT,1981,65.6,No
PRT,1982,65.6,No
PRT,1983,65.6,No
PRT,1984,65.6,No
PRT,1985,65.6,No
PRT,1986,65.6,No
PRT,1987,65.6,No
PRT,1988,65.6,No
PRT,1989,65.6,No
PRT,1990,68.8,No
PRT,1991,68.8,No
PRT,1992,68.8,No
PRT,1993,68.8,No
PRT,1994,68.8,No
PRT,1995,71.9,No
PRT,1996,74.4,No
PRT,1997,76.9,No
PRT,1998,76.9,No
PRT,1999,76.9,No
PRT,2000,76.9,No
PRT,2001,79.4,No
PRT,2002,79.4,No
PRT,2003,79.4,No
PRT,2004,79.4,No
PRT,2005,91.9,No
PRT,2006,91.9,No
PRT,2007,91.9,No
PRT,2008,91.9,No
PRT,2009,95,No
PRT,2010,97.5,Yes
PRT,2011,97.5,Yes
PRT,2012,97.5,Yes
PRT,2013,97.5,Yes
PRT,2014,97.5,Yes
PRT,2015,97.5,Yes
PRT,2016,97.5,Yes
PRT,2017,97.5,Yes
PRT,2018,97.5,Yes
PRT,2019,97.5,Yes
PRT,2020,100,Yes
PRT,2021,100,Yes
PRT,2022,100,Yes
PRT,2023,100,Yes
PRT,2024,100,Yes
PRY,1971,45,No
PRY,1972,45,No
PRY,1973,45,No
PRY,1974,45,No
PRY,1975,45,No
PRY,1976,48.1,No
PRY,1977,48.1,No
PRY,1978,48.1,No
PRY,1979,48.1,No
PRY,1980,48.1,No
PRY,1981,48.1,No
PRY,1982,48.1,No
PRY,1983,48.1,No
PRY,1984,48.1,No
PRY,1985,48.1,No
PRY,1986,48.1,No
PRY,1987,51.3,No
PRY,1988,51.3,No
PRY,1989,51.3,No
PRY,1990,51.3,No
PRY,1991,51.3,No
PRY,1992,51.3,No
PRY,1993,56.3,No
PRY,1994,64.4,No
PRY,1995,80,No
PRY,1996,80,No
PRY,1997,80,No
PRY,1998,80,No
PRY,1999,86.3,No
PRY,2000,89.4,No
PRY,2001,89.4,No
PRY,2002,91.9,No
PRY,2003,91.9,No
PRY,2004,91.9,No
PRY,2005,91.9,No
PRY,2006,91.9,No
PRY,2007,91.9,No
PRY,2008,91.9,No
PRY,2009,91.9,No
PRY,2010,91.9,No
PRY,2011,91.9,No
PRY,2012,91.9,No
PRY,2013,91.9,No
PRY,2014,91.9,No
PRY,2015,91.9,No
PRY,2016,91.9,No
PRY,2017,94.4,No
PRY,2018,94.4,No
PRY,2019,94.4,No
PRY,2020,94.4,No
PRY,2021,94.4,No
PRY,2022,94.4,No
PRY,2023,94.4,No
PRY,2024,94.4,No
PSE,1971,23.1,No
PSE,1972,23.1,No
PSE,1973,23.1,No
PSE,1974,23.1,No
PSE,1975,23.1,No
PSE,1976,23.1,No
PSE,1977,23.1,No
PSE,1978,23.1,No
PSE,1979,23.1,No
PSE,1980,23.1,No
PSE,1981,23.1,No
PSE,1982,23.1,No
PSE,1983,23.1,No
PSE,1984,23.1,No
PSE,1985,23.1,No
PSE,1986,23.1,No
PSE,1987,23.1,No
PSE,1988,23.1,No
PSE,1989,23.1,No
PSE,1990,23.1,No
PSE,1991,23.1,No
PSE,1992,23.1,No
PSE,1993,23.1,No
PSE,1994,23.1,No
PSE,1995,23.1,No
PSE,1996,23.1,No
PSE,1997,23.1,No
PSE,1998,23.1,No
PSE,1999,23.1,No
PSE,2000,23.1,No
PSE,2001,26.3,No
PSE,2002,26.3,No
PSE,2003,26.3,No
PSE,2004,26.3,No
PSE,2005,26.3,No
PSE,2006,26.3,No
PSE,2007,26.3,No
PSE,2008,26.3,No
PSE,2009,26.3,No
PSE,2010,26.3,No
PSE,2011,26.3,No
PSE,2012,26.3,No
PSE,2013,26.3,No
PSE,2014,26.3,No
PSE,2015,26.3,No
PSE,2016,26.3,No
PSE,2017,26.3,No
PSE,2018,38.1,No
PSE,2019,38.1,No
PSE,2020,26.3,No
PSE,2021,26.3,No
PSE,2022,26.3,No
PSE,2023,26.3,No
PSE,2024,26.3,No
QAT,1971,29.4,No
QAT,1972,29.4,No
QAT,1973,29.4,No
QAT,1974,29.4,No
QAT,1975,29.4,No
QAT,1976,29.4,No
QAT,1977,29.4,No
QAT,1978,29.4,No
QAT,1979,29.4,No
QAT,1980,29.4,No
QAT,1981,29.4,No
QAT,1982,29.4,No
QAT,1983,29.4,No
QAT,1984,29.4,No
QAT,1985,29.4,No
QAT,1986,29.4,No
QAT,1987,29.4,No
QAT,1988,29.4,No
QAT,1989,29.4,No
QAT,1990,29.4,No
QAT,1991,29.4,No
QAT,1992,29.4,No
QAT,1993,29.4,No
QAT,1994,29.4,No
QAT,1995,29.4,No
QAT,1996,29.4,No
QAT,1997,29.4,No
QAT,1998,29.4,No
QAT,1999,29.4,No
QAT,2000,29.4,No
QAT,2001,29.4,No
QAT,2002,29.4,No
QAT,2003,29.4,No
QAT,2004,29.4,No
QAT,2005,26.3,No
QAT,2006,26.3,No
QAT,2007,26.3,No
QAT,2008,29.4,No
QAT,2009,29.4,No
QAT,2010,29.4,No
QAT,2011,29.4,No
QAT,2012,29.4,No
QAT,2013,29.4,No
QAT,2014,29.4,No
QAT,2015,29.4,No
QAT,2016,29.4,No
QAT,2017,29.4,No
QAT,2018,29.4,No
QAT,2019,29.4,No
QAT,2020,29.4,No
QAT,2021,29.4,No
QAT,2022,29.4,No
QAT,2023,29.4,No
QAT,2024,35.6,No
ROU,1971,65,No
ROU,1972,65,No
ROU,1973,65,No
ROU,1974,65,No
ROU,1975,65,No
ROU,1976,65,No
ROU,1977,65,No
ROU,1978,65,No
ROU,1979,65,No
ROU,1980,65,No
ROU,1981,65,No
ROU,1982,65,No
ROU,1983,65,No
ROU,1984,65,No
ROU,1985,65,No
ROU,1986,65,No
ROU,1987,65,No
ROU,1988,65,No
ROU,1989,65,No
ROU,1990,65,No
ROU,1991,65,No
ROU,1992,65,No
ROU,1993,65,No
ROU,1994,65,No
ROU,1995,65,No
ROU,1996,65,No
ROU,1997,65,No
ROU,1998,65,No
ROU,1999,65,No
ROU,2000,65,No
ROU,2001,70,Yes
ROU,2002,70,Yes
ROU,2003,79.4,Yes
ROU,2004,87.5,Yes
ROU,2005,87.5,Yes
ROU,2006,87.5,Yes
ROU,2007,87.5,Yes
ROU,2008,90.6,Yes
ROU,2009,90.6,Yes
ROU,2010,90.6,Yes
ROU,2011,90.6,Yes
ROU,2012,90.6,Yes
ROU,2013,90.6,Yes
ROU,2014,90.6,Yes
ROU,2015,90.6,Yes
ROU,2016,90.6,Yes
ROU,2017,90.6,Yes
ROU,2018,90.6,Yes
ROU,2019,90.6,Yes
ROU,2020,90.6,Yes
ROU,2021,90.6,Yes
ROU,2022,90.6,Yes
ROU,2023,90.6,Yes
ROU,2024,90.6,Yes
RUS,1971,55.6,No
RUS,1972,52.5,No
RUS,1973,58.1,No
RUS,1974,58.1,No
RUS,1975,58.1,No
RUS,1976,58.1,No
RUS,1977,58.1,No
RUS,1978,58.1,No
RUS,1979,58.1,No
RUS,1980,58.1,No
RUS,1981,58.1,No
RUS,1982,58.1,No
RUS,1983,58.1,No
RUS,1984,58.1,No
RUS,1985,58.1,No
RUS,1986,58.1,No
RUS,1987,58.1,No
RUS,1988,58.1,No
RUS,1989,58.1,No
RUS,1990,58.1,No
RUS,1991,58.1,No
RUS,1992,61.3,No
RUS,1993,64.4,No
RUS,1994,66.9,Yes
RUS,1995,66.9,Yes
RUS,1996,66.9,Yes
RUS,1997,66.9,Yes
RUS,1998,66.9,Yes
RUS,1999,66.9,Yes
RUS,2000,66.9,Yes
RUS,2001,66.9,Yes
RUS,2002,66.9,Yes
RUS,2003,73.1,Yes
RUS,2004,73.1,Yes
RUS,2005,73.1,Yes
RUS,2006,73.1,Yes
RUS,2007,73.1,Yes
RUS,2008,73.1,Yes
RUS,2009,73.1,Yes
RUS,2010,73.1,Yes
RUS,2011,73.1,Yes
RUS,2012,73.1,Yes
RUS,2013,73.1,Yes
RUS,2014,73.1,Yes
RUS,2015,73.1,Yes
RUS,2016,73.1,Yes
RUS,2017,73.1,Yes
RUS,2018,73.1,Yes
RUS,2019,73.1,Yes
RUS,2020,73.1,Yes
RUS,2021,73.1,Yes
RUS,2022,73.1,Yes
RUS,2023,73.1,Yes
RUS,2024,73.1,Yes
RWA,1971,44.4,No
RWA,1972,44.4,No
RWA,1973,44.4,No
RWA,1974,44.4,No
RWA,1975,44.4,No
RWA,1976,44.4,No
RWA,1977,44.4,No
RWA,1978,44.4,No
RWA,1979,44.4,No
RWA,1980,44.4,No
RWA,1981,44.4,No
RWA,1982,44.4,No
RWA,1983,44.4,No
RWA,1984,44.4,No
RWA,1985,44.4,No
RWA,1986,44.4,No
RWA,1987,44.4,No
RWA,1988,44.4,No
RWA,1989,44.4,No
RWA,1990,44.4,No
RWA,1991,44.4,No
RWA,1992,44.4,No
RWA,1993,44.4,No
RWA,1994,44.4,No
RWA,1995,44.4,No
RWA,1996,44.4,No
RWA,1997,44.4,No
RWA,1998,44.4,No
RWA,1999,44.4,No
RWA,2000,44.4,No
RWA,2001,51.9,No
RWA,2002,51.9,No
RWA,2003,61.3,No
RWA,2004,63.8,No
RWA,2005,63.8,No
RWA,2006,63.8,No
RWA,2007,63.8,No
RWA,2008,63.8,No
RWA,2009,63.8,No
RWA,2010,72.5,No
RWA,2011,72.5,No
RWA,2012,72.5,No
RWA,2013,72.5,No
RWA,2014,72.5,No
RWA,2015,72.5,No
RWA,2016,72.5,No
RWA,2017,72.5,No
RWA,2018,78.1,No
RWA,2019,78.1,No
RWA,2020,81.3,No
RWA,2021,83.8,No
RWA,2022,83.8,No
RWA,2023,83.8,No
RWA,2024,91.9,No
SAU,1971,23.8,No
SAU,1972,23.8,No
SAU,1973,23.8,No
SAU,1974,23.8,No
SAU,1975,23.8,No
SAU,1976,23.8,No
SAU,1977,23.8,No
SAU,1978,23.8,No
SAU,1979,23.8,No
SAU,1980,23.8,No
SAU,1981,23.8,No
SAU,1982,23.8,No
SAU,1983,23.8,No
SAU,1984,23.8,No
SAU,1985,23.8,No
SAU,1986,23.8,No
SAU,1987,23.8,No
SAU,1988,23.8,No
SAU,1989,23.8,No
SAU,1990,23.8,No
SAU,1991,23.8,No
SAU,1992,23.8,No
SAU,1993,23.8,No
SAU,1994,23.8,No
SAU,1995,23.8,No
SAU,1996,23.8,No
SAU,1997,23.8,No
SAU,1998,23.8,No
SAU,1999,23.8,No
SAU,2000,23.8,No
SAU,2001,23.8,No
SAU,2002,23.8,No
SAU,2003,23.8,No
SAU,2004,23.8,No
SAU,2005,23.8,No
SAU,2006,23.8,No
SAU,2007,26.3,No
SAU,2008,26.3,No
SAU,2009,26.3,No
SAU,2010,26.3,No
SAU,2011,26.3,No
SAU,2012,29.4,No
SAU,2013,29.4,No
SAU,2014,29.4,No
SAU,2015,31.9,No
SAU,2016,31.9,No
SAU,2017,31.9,No
SAU,2018,31.9,No
SAU,2019,38.1,No
SAU,2020,70.6,No
SAU,2021,80,No
SAU,2022,80,No
SAU,2023,71.3,No
SAU,2024,71.3,No
SDN,1971,17.5,No
SDN,1972,17.5,No
SDN,1973,17.5,No
SDN,1974,17.5,No
SDN,1975,17.5,No
SDN,1976,17.5,No
SDN,1977,17.5,No
SDN,1978,17.5,No
SDN,1979,17.5,No
SDN,1980,17.5,No
SDN,1981,17.5,No
SDN,1982,17.5,No
SDN,1983,17.5,No
SDN,1984,17.5,No
SDN,1985,17.5,No
SDN,1986,17.5,No
SDN,1987,17.5,No
SDN,1988,17.5,No
SDN,1989,17.5,No
SDN,1990,17.5,No
SDN,1991,17.5,No
SDN,1992,23.8,No
SDN,1993,23.8,No
SDN,1994,23.8,No
SDN,1995,23.8,No
SDN,1996,23.8,No
SDN,1997,23.8,No
SDN,1998,26.3,No
SDN,1999,26.3,No
SDN,2000,26.3,No
SDN,2001,26.3,No
SDN,2002,26.3,No
SDN,2003,26.3,No
SDN,2004,26.3,No
SDN,2005,26.3,No
SDN,2006,26.3,No
SDN,2007,26.3,No
SDN,2008,26.3,No
SDN,2009,26.3,No
SDN,2010,29.4,No
SDN,2011,29.4,No
SDN,2012,29.4,No
SDN,2013,29.4,No
SDN,2014,29.4,No
SDN,2015,29.4,No
SDN,2016,29.4,No
SDN,2017,29.4,No
SDN,2018,29.4,No
SDN,2019,29.4,No
SDN,2020,29.4,No
SDN,2021,32.5,No
SDN,2022,32.5,No
SDN,2023,32.5,No
SDN,2024,32.5,No
SEN,1971,35,No
SEN,1972,35,No
SEN,1973,35,No
SEN,1974,38.1,No
SEN,1975,38.1,No
SEN,1976,38.1,No
SEN,1977,38.1,No
SEN,1978,38.1,No
SEN,1979,44.4,No
SEN,1980,44.4,No
SEN,1981,44.4,No
SEN,1982,49.4,No
SEN,1983,49.4,No
SEN,1984,51.9,No
SEN,1985,51.9,No
SEN,1986,51.9,No
SEN,1987,51.9,No
SEN,1988,51.9,No
SEN,1989,51.9,No
SEN,1990,51.9,No
SEN,1991,51.9,No
SEN,1992,55,No
SEN,1993,55,No
SEN,1994,55,No
SEN,1995,55,No
SEN,1996,55,No
SEN,1997,55,No
SEN,1998,55,No
SEN,1999,55,No
SEN,2000,63.8,No
SEN,2001,63.8,No
SEN,2002,63.8,No
SEN,2003,63.8,No
SEN,2004,63.8,No
SEN,2005,63.8,No
SEN,2006,63.8,No
SEN,2007,63.8,No
SEN,2008,63.8,No
SEN,2009,63.8,No
SEN,2010,63.8,No
SEN,2011,63.8,No
SEN,2012,63.8,No
SEN,2013,63.8,No
SEN,2014,63.8,No
SEN,2015,63.8,No
SEN,2016,63.8,No
SEN,2017,63.8,No
SEN,2018,63.8,No
SEN,2019,63.8,No
SEN,2020,63.8,No
SEN,2021,66.9,No
SEN,2022,66.9,No
SEN,2023,72.5,No
SEN,2024,72.5,No
SGP,1971,51.9,No
SGP,1972,51.9,No
SGP,1973,51.9,No
SGP,1974,51.9,No
SGP,1975,51.9,No
SGP,1976,51.9,No
SGP,1977,51.9,No
SGP,1978,51.9,No
SGP,1979,51.9,No
SGP,1980,51.9,No
SGP,1981,51.9,No
SGP,1982,51.9,No
SGP,1983,55,No
SGP,1984,55,No
SGP,1985,55,No
SGP,1986,55,No
SGP,1987,55,No
SGP,1988,57.5,No
SGP,1989,57.5,No
SGP,1990,60.6,No
SGP,1991,60.6,No
SGP,1992,60.6,No
SGP,1993,60.6,No
SGP,1994,60.6,No
SGP,1995,60.6,No
SGP,1996,60.6,No
SGP,1997,63.8,No
SGP,1998,66.3,No
SGP,1999,66.3,No
SGP,2000,66.3,No
SGP,2001,66.3,No
SGP,2002,66.3,No
SGP,2003,66.3,No
SGP,2004,68.8,No
SGP,2005,68.8,No
SGP,2006,68.8,No
SGP,2007,68.8,No
SGP,2008,68.8,No
SGP,2009,68.8,No
SGP,2010,71.3,No
SGP,2011,71.3,No
SGP,2012,71.3,No
SGP,2013,71.3,No
SGP,2014,71.3,No
SGP,2015,82.5,Yes
SGP,2016,82.5,Yes
SGP,2017,82.5,Yes
SGP,2018,82.5,Yes
SGP,2019,82.5,Yes
SGP,2020,82.5,Yes
SGP,2021,82.5,Yes
SGP,2022,82.5,Yes
SGP,2023,82.5,Yes
SGP,2024,82.5,Yes
SLB,1971,48.1,No
SLB,1972,48.1,No
SLB,1973,48.1,No
SLB,1974,54.4,No
SLB,1975,54.4,No
SLB,1976,54.4,No
SLB,1977,54.4,No
SLB,1978,54.4,No
SLB,1979,54.4,No
SLB,1980,54.4,No
SLB,1981,54.4,No
SLB,1982,54.4,No
SLB,1983,54.4,No
SLB,1984,54.4,No
SLB,1985,54.4,No
SLB,1986,54.4,No
SLB,1987,54.4,No
SLB,1988,54.4,No
SLB,1989,54.4,No
SLB,1990,54.4,No
SLB,1991,54.4,No
SLB,1992,54.4,No
SLB,1993,54.4,No
SLB,1994,54.4,No
SLB,1995,54.4,No
SLB,1996,54.4,No
SLB,1997,54.4,No
SLB,1998,54.4,No
SLB,1999,54.4,No
SLB,2000,54.4,No
SLB,2001,54.4,No
SLB,2002,54.4,No
SLB,2003,54.4,No
SLB,2004,54.4,No
SLB,2005,54.4,No
SLB,2006,54.4,No
SLB,2007,54.4,No
SLB,2008,54.4,No
SLB,2009,54.4,No
SLB,2010,54.4,No
SLB,2011,54.4,No
SLB,2012,54.4,No
SLB,2013,54.4,No
SLB,2014,54.4,No
SLB,2015,54.4,No
SLB,2016,56.9,No
SLB,2017,56.9,No
SLB,2018,56.9,No
SLB,2019,56.9,No
SLB,2020,56.9,No
SLB,2021,56.9,No
SLB,2022,56.9,No
SLB,2023,56.9,No
SLB,2024,56.9,No
SLE,1971,31.9,No
SLE,1972,31.9,No
SLE,1973,31.9,No
SLE,1974,31.9,No
SLE,1975,31.9,No
SLE,1976,31.9,No
SLE,1977,31.9,No
SLE,1978,31.9,No
SLE,1979,31.9,No
SLE,1980,31.9,No
SLE,1981,31.9,No
SLE,1982,31.9,No
SLE,1983,31.9,No
SLE,1984,31.9,No
SLE,1985,31.9,No
SLE,1986,31.9,No
SLE,1987,31.9,No
SLE,1988,31.9,No
SLE,1989,31.9,No
SLE,1990,31.9,No
SLE,1991,31.9,No
SLE,1992,31.9,No
SLE,1993,31.9,No
SLE,1994,31.9,No
SLE,1995,31.9,No
SLE,1996,31.9,No
SLE,1997,31.9,No
SLE,1998,31.9,No
SLE,1999,31.9,No
SLE,2000,31.9,No
SLE,2001,31.9,No
SLE,2002,31.9,No
SLE,2003,38.1,No
SLE,2004,38.1,No
SLE,2005,38.1,No
SLE,2006,38.1,No
SLE,2007,38.1,No
SLE,2008,38.1,No
SLE,2009,45.6,No
SLE,2010,63.1,No
SLE,2011,63.1,No
SLE,2012,63.1,No
SLE,2013,63.1,No
SLE,2014,63.1,No
SLE,2015,63.1,No
SLE,2016,63.1,No
SLE,2017,63.1,No
SLE,2018,63.1,No
SLE,2019,63.1,No
SLE,2020,63.1,No
SLE,2021,69.4,No
SLE,2022,72.5,No
SLE,2023,72.5,No
SLE,2024,92.5,No
SLV,1971,52.5,No
SLV,1972,52.5,No
SLV,1973,52.5,No
SLV,1974,52.5,No
SLV,1975,52.5,No
SLV,1976,52.5,No
SLV,1977,52.5,No
SLV,1978,52.5,No
SLV,1979,52.5,No
SLV,1980,52.5,No
SLV,1981,52.5,No
SLV,1982,52.5,No
SLV,1983,52.5,No
SLV,1984,52.5,No
SLV,1985,52.5,No
SLV,1986,52.5,No
SLV,1987,52.5,No
SLV,1988,52.5,No
SLV,1989,52.5,No
SLV,1990,52.5,No
SLV,1991,52.5,No
SLV,1992,52.5,No
SLV,1993,52.5,No
SLV,1994,52.5,No
SLV,1995,66.3,No
SLV,1996,66.3,No
SLV,1997,66.3,No
SLV,1998,78.1,No
SLV,1999,78.1,No
SLV,2000,78.1,No
SLV,2001,78.1,No
SLV,2002,78.1,No
SLV,2003,78.1,No
SLV,2004,78.1,No
SLV,2005,78.1,No
SLV,2006,78.1,No
SLV,2007,81.3,No
SLV,2008,81.3,No
SLV,2009,83.8,No
SLV,2010,83.8,No
SLV,2011,83.8,No
SLV,2012,83.8,No
SLV,2013,83.8,No
SLV,2014,83.8,No
SLV,2015,86.3,No
SLV,2016,86.3,No
SLV,2017,88.8,No
SLV,2018,88.8,No
SLV,2019,88.8,No
SLV,2020,88.8,No
SLV,2021,88.8,No
SLV,2022,88.8,No
SLV,2023,88.8,No
SLV,2024,88.8,No
SMR,1971,57.5,No
SMR,1972,57.5,No
SMR,1973,57.5,No
SMR,1974,57.5,No
SMR,1975,57.5,No
SMR,1976,57.5,No
SMR,1977,57.5,No
SMR,1978,57.5,No
SMR,1979,57.5,No
SMR,1980,57.5,No
SMR,1981,57.5,No
SMR,1982,60.6,No
SMR,1983,60.6,No
SMR,1984,60.6,No
SMR,1985,60.6,No
SMR,1986,60.6,No
SMR,1987,77.5,No
SMR,1988,77.5,No
SMR,1989,77.5,No
SMR,1990,77.5,No
SMR,1991,77.5,No
SMR,1992,77.5,No
SMR,1993,77.5,No
SMR,1994,77.5,No
SMR,1995,77.5,No
SMR,1996,77.5,No
SMR,1997,77.5,No
SMR,1998,77.5,No
SMR,1999,77.5,No
SMR,2000,77.5,No
SMR,2001,77.5,No
SMR,2002,77.5,No
SMR,2003,77.5,No
SMR,2004,77.5,No
SMR,2005,77.5,No
SMR,2006,77.5,No
SMR,2007,77.5,No
SMR,2008,77.5,No
SMR,2009,80,No
SMR,2010,80,No
SMR,2011,80,No
SMR,2012,80,No
SMR,2013,80,No
SMR,2014,80,No
SMR,2015,80,No
SMR,2016,80,No
SMR,2017,80,No
SMR,2018,80,No
SMR,2019,80,No
SMR,2020,80,No
SMR,2021,80,No
SMR,2022,80,No
SMR,2023,85,Yes
SMR,2024,85,Yes
SOM,1971,32.5,No
SOM,1972,32.5,No
SOM,1973,32.5,No
SOM,1974,46.9,No
SOM,1975,46.9,No
SOM,1976,46.9,No
SOM,1977,46.9,No
SOM,1978,46.9,No
SOM,1979,46.9,No
SOM,1980,46.9,No
SOM,1981,46.9,No
SOM,1982,46.9,No
SOM,1983,46.9,No
SOM,1984,46.9,No
SOM,1985,46.9,No
SOM,1986,46.9,No
SOM,1987,46.9,No
SOM,1988,46.9,No
SOM,1989,46.9,No
SOM,1990,46.9,No
SOM,1991,46.9,No
SOM,1992,46.9,No
SOM,1993,46.9,No
SOM,1994,46.9,No
SOM,1995,46.9,No
SOM,1996,46.9,No
SOM,1997,46.9,No
SOM,1998,46.9,No
SOM,1999,46.9,No
SOM,2000,46.9,No
SOM,2001,46.9,No
SOM,2002,46.9,No
SOM,2003,46.9,No
SOM,2004,46.9,No
SOM,2005,46.9,No
SOM,2006,46.9,No
SOM,2007,46.9,No
SOM,2008,46.9,No
SOM,2009,46.9,No
SOM,2010,46.9,No
SOM,2011,46.9,No
SOM,2012,46.9,No
SOM,2013,46.9,No
SOM,2014,46.9,No
SOM,2015,46.9,No
SOM,2016,46.9,No
SOM,2017,46.9,No
SOM,2018,46.9,No
SOM,2019,46.9,No
SOM,2020,46.9,No
SOM,2021,46.9,No
SOM,2022,46.9,No
SOM,2023,46.9,No
SOM,2024,46.9,No
SRB,1971,67.5,No
SRB,1972,67.5,No
SRB,1973,67.5,No
SRB,1974,67.5,No
SRB,1975,67.5,No
SRB,1976,67.5,No
SRB,1977,67.5,No
SRB,1978,67.5,No
SRB,1979,67.5,No
SRB,1980,67.5,No
SRB,1981,67.5,No
SRB,1982,67.5,No
SRB,1983,67.5,No
SRB,1984,67.5,No
SRB,1985,67.5,No
SRB,1986,67.5,No
SRB,1987,67.5,No
SRB,1988,67.5,No
SRB,1989,67.5,No
SRB,1990,67.5,No
SRB,1991,67.5,No
SRB,1992,67.5,No
SRB,1993,67.5,No
SRB,1994,67.5,No
SRB,1995,67.5,No
SRB,1996,67.5,No
SRB,1997,67.5,No
SRB,1998,70.6,No
SRB,1999,70.6,No
SRB,2000,70.6,No
SRB,2001,70.6,No
SRB,2002,70.6,No
SRB,2003,78.8,Yes
SRB,2004,81.9,Yes
SRB,2005,81.9,Yes
SRB,2006,88.1,Yes
SRB,2007,90.6,Yes
SRB,2008,90.6,Yes
SRB,2009,90.6,Yes
SRB,2010,96.9,Yes
SRB,2011,96.9,Yes
SRB,2012,96.9,Yes
SRB,2013,96.9,Yes
SRB,2014,96.9,Yes
SRB,2015,96.9,Yes
SRB,2016,93.8,Yes
SRB,2017,93.8,Yes
SRB,2018,93.8,Yes
SRB,2019,93.8,Yes
SRB,2020,93.8,Yes
SRB,2021,93.8,Yes
SRB,2022,93.8,Yes
SRB,2023,93.8,Yes
SRB,2024,93.8,Yes
SSD,1971,35,No
SSD,1972,35,No
SSD,1973,35,No
SSD,1974,35,No
SSD,1975,35,No
SSD,1976,35,No
SSD,1977,35,No
SSD,1978,35,No
SSD,1979,35,No
SSD,1980,35,No
SSD,1981,35,No
SSD,1982,35,No
SSD,1983,35,No
SSD,1984,35,No
SSD,1985,35,No
SSD,1986,35,No
SSD,1987,35,No
SSD,1988,35,No
SSD,1989,35,No
SSD,1990,35,No
SSD,1991,35,No
SSD,1992,41.3,No
SSD,1993,41.3,No
SSD,1994,41.3,No
SSD,1995,41.3,No
SSD,1996,41.3,No
SSD,1997,41.3,No
SSD,1998,43.8,No
SSD,1999,43.8,No
SSD,2000,43.8,No
SSD,2001,43.8,No
SSD,2002,43.8,No
SSD,2003,43.8,No
SSD,2004,43.8,No
SSD,2005,43.8,No
SSD,2006,43.8,No
SSD,2007,43.8,No
SSD,2008,43.8,No
SSD,2009,43.8,No
SSD,2010,55.6,No
SSD,2011,55.6,No
SSD,2012,55.6,No
SSD,2013,49.4,No
SSD,2014,49.4,No
SSD,2015,49.4,No
SSD,2016,49.4,No
SSD,2017,49.4,No
SSD,2018,49.4,No
SSD,2019,67.5,No
SSD,2020,67.5,No
SSD,2021,67.5,No
SSD,2022,67.5,No
SSD,2023,67.5,No
SSD,2024,67.5,No
STP,1971,18.8,No
STP,1972,18.8,No
STP,1973,18.8,No
STP,1974,18.8,No
STP,1975,18.8,No
STP,1976,18.8,No
STP,1977,21.9,No
STP,1978,21.9,No
STP,1979,45,No
STP,1980,45,No
STP,1981,50.6,No
STP,1982,50.6,No
STP,1983,50.6,No
STP,1984,50.6,No
STP,1985,50.6,No
STP,1986,50.6,No
STP,1987,50.6,No
STP,1988,50.6,No
STP,1989,50.6,No
STP,1990,50.6,No
STP,1991,50.6,No
STP,1992,50.6,No
STP,1993,50.6,No
STP,1994,53.8,No
STP,1995,53.8,No
STP,1996,53.8,No
STP,1997,53.8,No
STP,1998,53.8,No
STP,1999,53.8,No
STP,2000,53.8,No
STP,2001,53.8,No
STP,2002,53.8,No
STP,2003,53.8,No
STP,2004,53.8,No
STP,2005,53.8,No
STP,2006,53.8,No
STP,2007,53.8,No
STP,2008,53.8,No
STP,2009,53.8,No
STP,2010,56.3,No
STP,2011,56.3,No
STP,2012,56.3,No
STP,2013,56.3,No
STP,2014,62.5,No
STP,2015,62.5,No
STP,2016,68.8,No
STP,2017,68.8,No
STP,2018,68.8,No
STP,2019,68.8,No
STP,2020,83.1,No
STP,2021,83.1,No
STP,2022,83.1,No
STP,2023,83.1,No
STP,2024,83.1,No
SUR,1971,28.1,No
SUR,1972,28.1,No
SUR,1973,28.1,No
SUR,1974,28.1,No
SUR,1975,28.1,No
SUR,1976,28.1,No
SUR,1977,28.1,No
SUR,1978,28.1,No
SUR,1979,28.1,No
SUR,1980,28.1,No
SUR,1981,28.1,No
SUR,1982,57.5,No
SUR,1983,57.5,No
SUR,1984,57.5,No
SUR,1985,60.6,No
SUR,1986,60.6,No
SUR,1987,60.6,No
SUR,1988,60.6,No
SUR,1989,60.6,No
SUR,1990,60.6,No
SUR,1991,60.6,No
SUR,1992,60.6,No
SUR,1993,60.6,No
SUR,1994,60.6,No
SUR,1995,60.6,No
SUR,1996,60.6,No
SUR,1997,60.6,No
SUR,1998,60.6,No
SUR,1999,60.6,No
SUR,2000,60.6,No
SUR,2001,60.6,No
SUR,2002,60.6,No
SUR,2003,60.6,No
SUR,2004,60.6,No
SUR,2005,60.6,No
SUR,2006,60.6,No
SUR,2007,60.6,No
SUR,2008,60.6,No
SUR,2009,60.6,No
SUR,2010,63.1,No
SUR,2011,63.1,No
SUR,2012,63.1,No
SUR,2013,63.1,No
SUR,2014,63.1,No
SUR,2015,63.1,No
SUR,2016,60,No
SUR,2017,60,No
SUR,2018,60,No
SUR,2019,60,No
SUR,2020,63.1,No
SUR,2021,70.6,No
SUR,2022,70.6,No
SUR,2023,70.6,No
SUR,2024,76.9,No
SVK,1971,58.8,No
SVK,1972,58.8,No
SVK,1973,58.8,No
SVK,1974,58.8,No
SVK,1975,58.8,No
SVK,1976,58.8,No
SVK,1977,58.8,No
SVK,1978,58.8,No
SVK,1979,58.8,No
SVK,1980,58.8,No
SVK,1981,58.8,No
SVK,1982,58.8,No
SVK,1983,58.8,No
SVK,1984,58.8,No
SVK,1985,58.8,No
SVK,1986,58.8,No
SVK,1987,58.8,No
SVK,1988,58.8,No
SVK,1989,58.8,No
SVK,1990,58.8,No
SVK,1991,61.3,Yes
SVK,1992,61.3,Yes
SVK,1993,61.3,Yes
SVK,1994,63.8,Yes
SVK,1995,63.8,Yes
SVK,1996,63.8,Yes
SVK,1997,63.8,Yes
SVK,1998,63.8,Yes
SVK,1999,63.8,Yes
SVK,2000,63.8,Yes
SVK,2001,63.8,Yes
SVK,2002,63.8,Yes
SVK,2003,63.8,Yes
SVK,2004,63.8,Yes
SVK,2005,76.3,Yes
SVK,2006,76.3,Yes
SVK,2007,78.8,Yes
SVK,2008,78.8,Yes
SVK,2009,81.9,Yes
SVK,2010,81.9,Yes
SVK,2011,91.3,Yes
SVK,2012,94.4,Yes
SVK,2013,94.4,Yes
SVK,2014,94.4,Yes
SVK,2015,94.4,Yes
SVK,2016,94.4,Yes
SVK,2017,94.4,Yes
SVK,2018,94.4,Yes
SVK,2019,94.4,Yes
SVK,2020,94.4,Yes
SVK,2021,85,Yes
SVK,2022,85,Yes
SVK,2023,85,Yes
SVK,2024,87.5,Yes
SVN,1971,64.4,No
SVN,1972,64.4,No
SVN,1973,64.4,No
SVN,1974,64.4,No
SVN,1975,64.4,No
SVN,1976,64.4,No
SVN,1977,64.4,No
SVN,1978,64.4,No
SVN,1979,64.4,No
SVN,1980,64.4,No
SVN,1981,64.4,No
SVN,1982,64.4,No
SVN,1983,64.4,No
SVN,1984,64.4,No
SVN,1985,64.4,No
SVN,1986,64.4,No
SVN,1987,64.4,No
SVN,1988,64.4,No
SVN,1989,64.4,No
SVN,1990,64.4,No
SVN,1991,64.4,No
SVN,1992,64.4,No
SVN,1993,64.4,No
SVN,1994,64.4,No
SVN,1995,64.4,No
SVN,1996,64.4,No
SVN,1997,64.4,No
SVN,1998,64.4,No
SVN,1999,64.4,No
SVN,2000,64.4,No
SVN,2001,64.4,No
SVN,2002,64.4,No
SVN,2003,80,No
SVN,2004,80,No
SVN,2005,88.1,Yes
SVN,2006,88.1,Yes
SVN,2007,88.1,Yes
SVN,2008,88.1,Yes
SVN,2009,90.6,Yes
SVN,2010,90.6,Yes
SVN,2011,90.6,Yes
SVN,2012,90.6,Yes
SVN,2013,90.6,Yes
SVN,2014,90.6,Yes
SVN,2015,90.6,Yes
SVN,2016,90.6,Yes
SVN,2017,90.6,Yes
SVN,2018,90.6,Yes
SVN,2019,90.6,Yes
SVN,2020,93.8,Yes
SVN,2021,96.9,Yes
SVN,2022,96.9,Yes
SVN,2023,96.9,Yes
SVN,2024,96.9,Yes
SWE,1971,71.3,No
SWE,1972,71.3,No
SWE,1973,71.3,No
SWE,1974,71.3,No
SWE,1975,73.8,Yes
SWE,1976,73.8,Yes
SWE,1977,73.8,Yes
SWE,1978,73.8,Yes
SWE,1979,73.8,Yes
SWE,1980,73.8,Yes
SWE,1981,79.4,Yes
SWE,1982,79.4,Yes
SWE,1983,79.4,Yes
SWE,1984,79.4,Yes
SWE,1985,79.4,Yes
SWE,1986,79.4,Yes
SWE,1987,79.4,Yes
SWE,1988,79.4,Yes
SWE,1989,79.4,Yes
SWE,1990,81.9,Yes
SWE,1991,81.9,Yes
SWE,1992,85,Yes
SWE,1993,87.5,Yes
SWE,1994,87.5,Yes
SWE,1995,87.5,Yes
SWE,1996,87.5,Yes
SWE,1997,87.5,Yes
SWE,1998,87.5,Yes
SWE,1999,87.5,Yes
SWE,2000,90.6,Yes
SWE,2001,90.6,Yes
SWE,2002,90.6,Yes
SWE,2003,90.6,Yes
SWE,2004,90.6,Yes
SWE,2005,90.6,Yes
SWE,2006,90.6,Yes
SWE,2007,96.9,Yes
SWE,2008,96.9,Yes
SWE,2009,96.9,Yes
SWE,2010,96.9,Yes
SWE,2011,96.9,Yes
SWE,2012,96.9,Yes
SWE,2013,96.9,Yes
SWE,2014,100,Yes
SWE,2015,100,Yes
SWE,2016,100,Yes
SWE,2017,100,Yes
SWE,2018,100,Yes
SWE,2019,100,Yes
SWE,2020,100,Yes
SWE,2021,100,Yes
SWE,2022,100,Yes
SWE,2023,100,Yes
SWE,2024,100,Yes
SWZ,1971,26.9,No
SWZ,1972,26.9,No
SWZ,1973,26.9,No
SWZ,1974,26.9,No
SWZ,1975,26.9,No
SWZ,1976,33.1,No
SWZ,1977,33.1,No
SWZ,1978,33.1,No
SWZ,1979,33.1,No
SWZ,1980,33.1,No
SWZ,1981,33.1,No
SWZ,1982,38.8,No
SWZ,1983,38.8,No
SWZ,1984,38.8,No
SWZ,1985,38.8,No
SWZ,1986,38.8,No
SWZ,1987,38.8,No
SWZ,1988,38.8,No
SWZ,1989,38.8,No
SWZ,1990,38.8,No
SWZ,1991,38.8,No
SWZ,1992,38.8,No
SWZ,1993,38.8,No
SWZ,1994,38.8,No
SWZ,1995,38.8,No
SWZ,1996,38.8,No
SWZ,1997,38.8,No
SWZ,1998,38.8,No
SWZ,1999,38.8,No
SWZ,2000,38.8,No
SWZ,2001,38.8,No
SWZ,2002,38.8,No
SWZ,2003,38.8,No
SWZ,2004,38.8,No
SWZ,2005,38.8,No
SWZ,2006,38.8,No
SWZ,2007,38.8,No
SWZ,2008,38.8,No
SWZ,2009,38.8,No
SWZ,2010,38.8,No
SWZ,2011,38.8,No
SWZ,2012,38.8,No
SWZ,2013,38.8,No
SWZ,2014,43.8,No
SWZ,2015,43.8,No
SWZ,2016,43.8,No
SWZ,2017,43.8,No
SWZ,2018,43.8,No
SWZ,2019,43.8,No
SWZ,2020,46.3,No
SWZ,2021,46.3,No
SWZ,2022,46.3,No
SWZ,2023,46.3,No
SWZ,2024,46.3,No
SYC,1971,51.3,No
SYC,1972,60,No
SYC,1973,60,No
SYC,1974,60,No
SYC,1975,60,No
SYC,1976,60,No
SYC,1977,63.1,No
SYC,1978,63.1,No
SYC,1979,63.1,No
SYC,1980,63.1,No
SYC,1981,63.1,No
SYC,1982,63.1,No
SYC,1983,63.1,No
SYC,1984,63.1,No
SYC,1985,63.1,No
SYC,1986,63.1,No
SYC,1987,63.1,No
SYC,1988,63.1,No
SYC,1989,63.1,No
SYC,1990,63.1,No
SYC,1991,63.1,No
SYC,1992,63.1,No
SYC,1993,63.1,No
SYC,1994,63.1,No
SYC,1995,63.1,No
SYC,1996,71.3,No
SYC,1997,71.3,No
SYC,1998,71.3,No
SYC,1999,71.3,No
SYC,2000,71.3,No
SYC,2001,73.8,No
SYC,2002,73.8,No
SYC,2003,73.8,No
SYC,2004,73.8,No
SYC,2005,73.8,No
SYC,2006,73.8,No
SYC,2007,73.8,No
SYC,2008,73.8,No
SYC,2009,73.8,No
SYC,2010,73.8,No
SYC,2011,73.8,No
SYC,2012,73.8,No
SYC,2013,73.8,No
SYC,2014,73.8,No
SYC,2015,73.8,No
SYC,2016,73.8,No
SYC,2017,76.3,No
SYC,2018,76.3,No
SYC,2019,76.3,No
SYC,2020,76.3,No
SYC,2021,76.3,No
SYC,2022,76.3,No
SYC,2023,76.3,No
SYC,2024,76.3,No
SYR,1971,26.9,No
SYR,1972,26.9,No
SYR,1973,26.9,No
SYR,1974,26.9,No
SYR,1975,26.9,No
SYR,1976,26.9,No
SYR,1977,26.9,No
SYR,1978,26.9,No
SYR,1979,26.9,No
SYR,1980,26.9,No
SYR,1981,26.9,No
SYR,1982,26.9,No
SYR,1983,26.9,No
SYR,1984,26.9,No
SYR,1985,26.9,No
SYR,1986,26.9,No
SYR,1987,26.9,No
SYR,1988,26.9,No
SYR,1989,26.9,No
SYR,1990,26.9,No
SYR,1991,26.9,No
SYR,1992,26.9,No
SYR,1993,26.9,No
SYR,1994,26.9,No
SYR,1995,26.9,No
SYR,1996,26.9,No
SYR,1997,26.9,No
SYR,1998,26.9,No
SYR,1999,26.9,No
SYR,2000,26.9,No
SYR,2001,26.9,No
SYR,2002,26.9,No
SYR,2003,26.3,No
SYR,2004,26.3,No
SYR,2005,26.3,No
SYR,2006,26.3,No
SYR,2007,26.3,No
SYR,2008,28.8,No
SYR,2009,28.8,No
SYR,2010,28.8,No
SYR,2011,34.4,No
SYR,2012,34.4,No
SYR,2013,34.4,No
SYR,2014,34.4,No
SYR,2015,34.4,No
SYR,2016,34.4,No
SYR,2017,34.4,No
SYR,2018,34.4,No
SYR,2019,34.4,No
SYR,2020,40,No
SYR,2021,40,No
SYR,2022,40,No
SYR,2023,40,No
SYR,2024,40,No
TCD,1971,39.4,No
TCD,1972,39.4,No
TCD,1973,39.4,No
TCD,1974,39.4,No
TCD,1975,39.4,No
TCD,1976,39.4,No
TCD,1977,39.4,No
TCD,1978,39.4,No
TCD,1979,48.8,No
TCD,1980,48.8,No
TCD,1981,48.8,No
TCD,1982,48.8,No
TCD,1983,48.8,No
TCD,1984,48.8,No
TCD,1985,48.8,No
TCD,1986,48.8,No
TCD,1987,48.8,No
TCD,1988,48.8,No
TCD,1989,48.8,No
TCD,1990,48.8,No
TCD,1991,48.8,No
TCD,1992,48.8,No
TCD,1993,48.8,No
TCD,1994,48.8,No
TCD,1995,48.8,No
TCD,1996,48.8,No
TCD,1997,48.8,No
TCD,1998,57.5,No
TCD,1999,57.5,No
TCD,2000,57.5,No
TCD,2001,57.5,No
TCD,2002,57.5,No
TCD,2003,57.5,No
TCD,2004,57.5,No
TCD,2005,57.5,No
TCD,2006,57.5,No
TCD,2007,57.5,No
TCD,2008,57.5,No
TCD,2009,57.5,No
TCD,2010,57.5,No
TCD,2011,57.5,No
TCD,2012,57.5,No
TCD,2013,57.5,No
TCD,2014,57.5,No
TCD,2015,57.5,No
TCD,2016,57.5,No
TCD,2017,57.5,No
TCD,2018,66.3,No
TCD,2019,66.3,No
TCD,2020,66.3,No
TCD,2021,66.3,No
TCD,2022,66.3,No
TCD,2023,66.3,No
TCD,2024,66.3,No
TGO,1971,25.6,No
TGO,1972,25.6,No
TGO,1973,25.6,No
TGO,1974,25.6,No
TGO,1975,31.9,No
TGO,1976,31.9,No
TGO,1977,31.9,No
TGO,1978,31.9,No
TGO,1979,31.9,No
TGO,1980,31.9,No
TGO,1981,51.3,No
TGO,1982,51.3,No
TGO,1983,51.3,No
TGO,1984,51.3,No
TGO,1985,51.3,No
TGO,1986,51.3,No
TGO,1987,51.3,No
TGO,1988,51.3,No
TGO,1989,51.3,No
TGO,1990,51.3,No
TGO,1991,51.3,No
TGO,1992,51.3,No
TGO,1993,51.3,No
TGO,1994,51.3,No
TGO,1995,51.3,No
TGO,1996,51.3,No
TGO,1997,51.3,No
TGO,1998,51.3,No
TGO,1999,51.3,No
TGO,2000,51.3,No
TGO,2001,51.3,No
TGO,2002,51.3,No
TGO,2003,51.3,No
TGO,2004,51.3,No
TGO,2005,51.3,No
TGO,2006,51.3,No
TGO,2007,51.3,No
TGO,2008,69.4,No
TGO,2009,69.4,No
TGO,2010,69.4,No
TGO,2011,69.4,No
TGO,2012,75.6,No
TGO,2013,75.6,No
TGO,2014,81.9,No
TGO,2015,81.9,No
TGO,2016,84.4,No
TGO,2017,84.4,No
TGO,2018,84.4,No
TGO,2019,84.4,No
TGO,2020,84.4,No
TGO,2021,84.4,No
TGO,2022,81.9,No
TGO,2023,81.9,No
TGO,2024,97.5,No
THA,1971,51.9,No
THA,1972,51.9,No
THA,1973,51.9,No
THA,1974,51.9,No
THA,1975,51.9,No
THA,1976,51.9,No
THA,1977,51.9,No
THA,1978,51.9,No
THA,1979,51.9,No
THA,1980,51.9,No
THA,1981,51.9,No
THA,1982,51.9,No
THA,1983,51.9,No
THA,1984,51.9,No
THA,1985,51.9,No
THA,1986,51.9,No
THA,1987,51.9,No
THA,1988,51.9,No
THA,1989,51.9,No
THA,1990,51.9,No
THA,1991,51.9,No
THA,1992,51.9,No
THA,1993,51.9,No
THA,1994,51.9,No
THA,1995,51.9,No
THA,1996,51.9,No
THA,1997,51.9,No
THA,1998,51.9,No
THA,1999,55,No
THA,2000,63.8,No
THA,2001,63.8,No
THA,2002,63.8,No
THA,2003,63.8,No
THA,2004,63.8,No
THA,2005,63.8,No
THA,2006,63.8,No
THA,2007,63.8,No
THA,2008,63.8,No
THA,2009,75,No
THA,2010,75,No
THA,2011,75,No
THA,2012,75,No
THA,2013,75,No
THA,2014,75,No
THA,2015,75,No
THA,2016,75,No
THA,2017,75,No
THA,2018,75,No
THA,2019,75,No
THA,2020,78.1,No
THA,2021,78.1,No
THA,2022,78.1,No
THA,2023,78.1,No
THA,2024,78.1,No
TJK,1971,55.6,No
TJK,1972,58.1,No
TJK,1973,58.1,No
TJK,1974,58.1,No
TJK,1975,58.1,No
TJK,1976,58.1,No
TJK,1977,58.1,No
TJK,1978,58.1,No
TJK,1979,58.1,No
TJK,1980,58.1,No
TJK,1981,58.1,No
TJK,1982,58.1,No
TJK,1983,58.1,No
TJK,1984,58.1,No
TJK,1985,58.1,No
TJK,1986,58.1,No
TJK,1987,58.1,No
TJK,1988,58.1,No
TJK,1989,55,No
TJK,1990,55,No
TJK,1991,55,No
TJK,1992,55,No
TJK,1993,58.1,No
TJK,1994,58.1,No
TJK,1995,61.3,No
TJK,1996,61.3,No
TJK,1997,61.3,No
TJK,1998,70,Yes
TJK,1999,70,Yes
TJK,2000,70,Yes
TJK,2001,70,Yes
TJK,2002,70,Yes
TJK,2003,70,Yes
TJK,2004,70,Yes
TJK,2005,70,Yes
TJK,2006,73.1,Yes
TJK,2007,73.1,Yes
TJK,2008,73.1,Yes
TJK,2009,73.1,Yes
TJK,2010,73.1,Yes
TJK,2011,73.1,Yes
TJK,2012,73.1,Yes
TJK,2013,73.1,Yes
TJK,2014,75.6,Yes
TJK,2015,75.6,Yes
TJK,2016,75.6,Yes
TJK,2017,75.6,Yes
TJK,2018,78.8,Yes
TJK,2019,78.8,Yes
TJK,2020,78.8,Yes
TJK,2021,78.8,Yes
TJK,2022,78.8,Yes
TJK,2023,78.8,Yes
TJK,2024,78.8,Yes
TLS,1971,31.9,No
TLS,1972,31.9,No
TLS,1973,31.9,No
TLS,1974,31.9,No
TLS,1975,31.9,No
TLS,1976,31.9,No
TLS,1977,31.9,No
TLS,1978,31.9,No
TLS,1979,38.1,No
TLS,1980,38.1,No
TLS,1981,38.1,No
TLS,1982,38.1,No
TLS,1983,38.1,No
TLS,1984,38.1,No
TLS,1985,38.1,No
TLS,1986,38.1,No
TLS,1987,38.1,No
TLS,1988,38.1,No
TLS,1989,38.1,No
TLS,1990,38.1,No
TLS,1991,38.1,No
TLS,1992,38.1,No
TLS,1993,38.1,No
TLS,1994,38.1,No
TLS,1995,38.1,No
TLS,1996,38.1,No
TLS,1997,38.1,No
TLS,1998,38.1,No
TLS,1999,40.6,No
TLS,2000,40.6,No
TLS,2001,40.6,No
TLS,2002,40.6,No
TLS,2003,50,No
TLS,2004,50,No
TLS,2005,53.1,No
TLS,2006,53.1,No
TLS,2007,53.1,No
TLS,2008,53.1,No
TLS,2009,53.1,No
TLS,2010,53.1,No
TLS,2011,53.1,No
TLS,2012,55.6,No
TLS,2013,78.1,No
TLS,2014,80.6,No
TLS,2015,80.6,No
TLS,2016,80.6,No
TLS,2017,80.6,No
TLS,2018,80.6,No
TLS,2019,86.3,No
TLS,2020,86.3,No
TLS,2021,86.3,No
TLS,2022,86.3,No
TLS,2023,86.3,No
TLS,2024,86.3,No
TON,1971,50,No
TON,1972,50,No
TON,1973,50,No
TON,1974,50,No
TON,1975,50,No
TON,1976,50,No
TON,1977,50,No
TON,1978,50,No
TON,1979,50,No
TON,1980,50,No
TON,1981,50,No
TON,1982,50,No
TON,1983,50,No
TON,1984,50,No
TON,1985,50,No
TON,1986,50,No
TON,1987,50,No
TON,1988,50,No
TON,1989,50,No
TON,1990,50,No
TON,1991,50,No
TON,1992,50,No
TON,1993,50,No
TON,1994,50,No
TON,1995,50,No
TON,1996,50,No
TON,1997,50,No
TON,1998,50,No
TON,1999,50,No
TON,2000,50,No
TON,2001,50,No
TON,2002,50,No
TON,2003,50,No
TON,2004,50,No
TON,2005,50,No
TON,2006,50,No
TON,2007,50,No
TON,2008,50,No
TON,2009,50,No
TON,2010,50,No
TON,2011,50,No
TON,2012,56.3,No
TON,2013,56.3,No
TON,2014,56.3,No
TON,2015,58.8,No
TON,2016,58.8,No
TON,2017,58.8,No
TON,2018,58.8,No
TON,2019,58.8,No
TON,2020,58.8,No
TON,2021,58.8,No
TON,2022,58.8,No
TON,2023,58.8,No
TON,2024,58.8,No
TTO,1971,43.1,No
TTO,1972,43.1,No
TTO,1973,55,No
TTO,1974,55,No
TTO,1975,55,No
TTO,1976,55,No
TTO,1977,55,No
TTO,1978,55,No
TTO,1979,55,No
TTO,1980,55,No
TTO,1981,55,No
TTO,1982,55,No
TTO,1983,60.6,No
TTO,1984,60.6,No
TTO,1985,60.6,No
TTO,1986,60.6,No
TTO,1987,60.6,No
TTO,1988,60.6,No
TTO,1989,60.6,No
TTO,1990,60.6,No
TTO,1991,60.6,No
TTO,1992,60.6,No
TTO,1993,63.1,No
TTO,1994,63.1,No
TTO,1995,63.1,No
TTO,1996,63.1,No
TTO,1997,63.1,No
TTO,1998,63.1,No
TTO,1999,63.1,No
TTO,2000,63.1,No
TTO,2001,63.1,No
TTO,2002,69.4,No
TTO,2003,69.4,No
TTO,2004,69.4,No
TTO,2005,72.5,No
TTO,2006,72.5,No
TTO,2007,72.5,No
TTO,2008,72.5,No
TTO,2009,72.5,No
TTO,2010,72.5,No
TTO,2011,72.5,No
TTO,2012,72.5,No
TTO,2013,72.5,No
TTO,2014,75,No
TTO,2015,75,No
TTO,2016,75,No
TTO,2017,75,No
TTO,2018,75,No
TTO,2019,75,No
TTO,2020,75,No
TTO,2021,75,No
TTO,2022,75,No
TTO,2023,75,No
TTO,2024,75,No
TUN,1971,43.8,No
TUN,1972,43.8,No
TUN,1973,43.8,No
TUN,1974,43.8,No
TUN,1975,53.1,No
TUN,1976,53.1,No
TUN,1977,53.1,No
TUN,1978,53.1,No
TUN,1979,53.1,No
TUN,1980,53.1,No
TUN,1981,53.1,No
TUN,1982,53.1,No
TUN,1983,53.1,No
TUN,1984,53.1,No
TUN,1985,53.1,No
TUN,1986,53.1,No
TUN,1987,53.1,No
TUN,1988,53.1,No
TUN,1989,53.1,No
TUN,1990,53.1,No
TUN,1991,53.1,No
TUN,1992,53.1,No
TUN,1993,53.1,No
TUN,1994,53.1,No
TUN,1995,55.6,No
TUN,1996,55.6,No
TUN,1997,55.6,No
TUN,1998,55.6,No
TUN,1999,55.6,No
TUN,2000,55.6,No
TUN,2001,55.6,No
TUN,2002,55.6,No
TUN,2003,55.6,No
TUN,2004,55.6,No
TUN,2005,55.6,No
TUN,2006,55.6,No
TUN,2007,55.6,No
TUN,2008,55.6,No
TUN,2009,55.6,No
TUN,2010,55.6,No
TUN,2011,55.6,No
TUN,2012,55.6,No
TUN,2013,55.6,No
TUN,2014,55.6,No
TUN,2015,55.6,No
TUN,2016,55.6,No
TUN,2017,55.6,No
TUN,2018,55.6,No
TUN,2019,64.4,No
TUN,2020,64.4,No
TUN,2021,64.4,No
TUN,2022,64.4,No
TUN,2023,64.4,No
TUN,2024,64.4,No
TUR,1971,45.6,No
TUR,1972,45.6,No
TUR,1973,45.6,No
TUR,1974,45.6,No
TUR,1975,45.6,No
TUR,1976,45.6,No
TUR,1977,45.6,No
TUR,1978,45.6,No
TUR,1979,45.6,No
TUR,1980,45.6,No
TUR,1981,45.6,No
TUR,1982,45.6,No
TUR,1983,45.6,No
TUR,1984,45.6,No
TUR,1985,45.6,No
TUR,1986,45.6,No
TUR,1987,45.6,No
TUR,1988,45.6,No
TUR,1989,45.6,No
TUR,1990,45.6,No
TUR,1991,45.6,No
TUR,1992,48.8,No
TUR,1993,48.8,No
TUR,1994,48.8,No
TUR,1995,48.8,No
TUR,1996,48.8,No
TUR,1997,48.8,No
TUR,1998,48.8,No
TUR,1999,48.8,No
TUR,2000,48.8,No
TUR,2001,48.8,No
TUR,2002,48.8,No
TUR,2003,56.9,No
TUR,2004,66.3,No
TUR,2005,71.3,No
TUR,2006,80,No
TUR,2007,80,No
TUR,2008,80,No
TUR,2009,80,No
TUR,2010,80,No
TUR,2011,80,No
TUR,2012,80,No
TUR,2013,80,No
TUR,2014,80,No
TUR,2015,80,No
TUR,2016,82.5,No
TUR,2017,82.5,No
TUR,2018,82.5,No
TUR,2019,82.5,No
TUR,2020,82.5,No
TUR,2021,82.5,No
TUR,2022,82.5,No
TUR,2023,82.5,No
TUR,2024,82.5,No
TWN,1971,43.8,No
TWN,1972,43.8,No
TWN,1973,43.8,No
TWN,1974,43.8,No
TWN,1975,43.8,No
TWN,1976,43.8,No
TWN,1977,43.8,No
TWN,1978,43.8,No
TWN,1979,43.8,No
TWN,1980,43.8,No
TWN,1981,43.8,No
TWN,1982,43.8,No
TWN,1983,43.8,No
TWN,1984,43.8,No
TWN,1985,43.8,No
TWN,1986,46.9,No
TWN,1987,49.4,No
TWN,1988,49.4,No
TWN,1989,49.4,No
TWN,1990,49.4,No
TWN,1991,49.4,No
TWN,1992,49.4,No
TWN,1993,49.4,No
TWN,1994,49.4,No
TWN,1995,49.4,No
TWN,1996,49.4,No
TWN,1997,49.4,No
TWN,1998,52.5,No
TWN,1999,52.5,No
TWN,2000,60.6,No
TWN,2001,60.6,No
TWN,2002,60.6,No
TWN,2003,75,No
TWN,2004,80,No
TWN,2005,80,No
TWN,2006,80,No
TWN,2007,80,No
TWN,2008,80,No
TWN,2009,80,No
TWN,2010,85,Yes
TWN,2011,85,Yes
TWN,2012,85,Yes
TWN,2013,85,Yes
TWN,2014,85,Yes
TWN,2015,91.3,Yes
TWN,2016,91.3,Yes
TWN,2017,91.3,Yes
TWN,2018,91.3,Yes
TWN,2019,91.3,Yes
TWN,2020,91.3,Yes
TWN,2021,91.3,Yes
TWN,2022,91.3,Yes
TWN,2023,91.3,Yes
TWN,2024,91.3,Yes
TZA,1971,58.8,No
TZA,1972,58.8,No
TZA,1973,58.8,No
TZA,1974,58.8,No
TZA,1975,58.8,No
TZA,1976,58.8,No
TZA,1977,58.8,No
TZA,1978,58.8,No
TZA,1979,58.8,No
TZA,1980,58.8,No
TZA,1981,58.8,No
TZA,1982,58.8,No
TZA,1983,58.8,No
TZA,1984,58.8,No
TZA,1985,61.3,No
TZA,1986,61.3,No
TZA,1987,61.3,No
TZA,1988,61.3,No
TZA,1989,61.3,No
TZA,1990,61.3,No
TZA,1991,61.3,No
TZA,1992,61.3,No
TZA,1993,61.3,No
TZA,1994,61.3,No
TZA,1995,61.3,No
TZA,1996,61.3,No
TZA,1997,61.3,No
TZA,1998,61.3,No
TZA,1999,67.5,No
TZA,2000,67.5,No
TZA,2001,67.5,No
TZA,2002,67.5,No
TZA,2003,67.5,No
TZA,2004,67.5,No
TZA,2005,67.5,No
TZA,2006,81.3,No
TZA,2007,81.3,No
TZA,2008,81.3,No
TZA,2009,81.3,No
TZA,2010,81.3,No
TZA,2011,81.3,No
TZA,2012,81.3,No
TZA,2013,81.3,No
TZA,2014,81.3,No
TZA,2015,81.3,No
TZA,2016,81.3,No
TZA,2017,81.3,No
TZA,2018,81.3,No
TZA,2019,81.3,No
TZA,2020,81.3,No
TZA,2021,81.3,No
TZA,2022,81.3,No
TZA,2023,81.3,No
TZA,2024,81.3,No
UGA,1971,46.9,No
UGA,1972,46.9,No
UGA,1973,46.9,No
UGA,1974,46.9,No
UGA,1975,46.9,No
UGA,1976,46.9,No
UGA,1977,46.9,No
UGA,1978,46.9,No
UGA,1979,46.9,No
UGA,1980,46.9,No
UGA,1981,46.9,No
UGA,1982,46.9,No
UGA,1983,46.9,No
UGA,1984,46.9,No
UGA,1985,46.9,No
UGA,1986,46.9,No
UGA,1987,46.9,No
UGA,1988,46.9,No
UGA,1989,46.9,No
UGA,1990,46.9,No
UGA,1991,46.9,No
UGA,1992,46.9,No
UGA,1993,46.9,No
UGA,1994,46.9,No
UGA,1995,46.9,No
UGA,1996,46.9,No
UGA,1997,46.9,No
UGA,1998,46.9,No
UGA,1999,46.9,No
UGA,2000,46.9,No
UGA,2001,46.9,No
UGA,2002,46.9,No
UGA,2003,46.9,No
UGA,2004,46.9,No
UGA,2005,46.9,No
UGA,2006,46.9,No
UGA,2007,62.5,No
UGA,2008,67.5,No
UGA,2009,67.5,No
UGA,2010,67.5,No
UGA,2011,70,No
UGA,2012,70,No
UGA,2013,70,No
UGA,2014,70,No
UGA,2015,70,No
UGA,2016,70,No
UGA,2017,70,No
UGA,2018,70,No
UGA,2019,70,No
UGA,2020,73.1,No
UGA,2021,73.1,No
UGA,2022,73.1,No
UGA,2023,81.3,No
UGA,2024,83.8,No
UKR,1971,55.6,No
UKR,1972,55,No
UKR,1973,55,No
UKR,1974,55,No
UKR,1975,55,No
UKR,1976,55,No
UKR,1977,55,No
UKR,1978,55,No
UKR,1979,55,No
UKR,1980,55,No
UKR,1981,55,No
UKR,1982,55,No
UKR,1983,55,No
UKR,1984,55,No
UKR,1985,55,No
UKR,1986,55,No
UKR,1987,55,No
UKR,1988,55,No
UKR,1989,55,No
UKR,1990,55,No
UKR,1991,55,No
UKR,1992,58.1,No
UKR,1993,66.9,Yes
UKR,1994,66.9,Yes
UKR,1995,66.9,Yes
UKR,1996,66.9,Yes
UKR,1997,66.9,Yes
UKR,1998,66.9,Yes
UKR,1999,66.9,Yes
UKR,2000,66.9,Yes
UKR,2001,66.9,Yes
UKR,2002,66.9,Yes
UKR,2003,66.9,Yes
UKR,2004,66.9,Yes
UKR,2005,66.9,Yes
UKR,2006,66.9,Yes
UKR,2007,73.1,Yes
UKR,2008,73.1,Yes
UKR,2009,73.1,Yes
UKR,2010,75.6,Yes
UKR,2011,75.6,Yes
UKR,2012,75.6,Yes
UKR,2013,75.6,Yes
UKR,2014,78.8,Yes
UKR,2015,76.3,No
UKR,2016,76.3,No
UKR,2017,76.3,No
UKR,2018,76.3,No
UKR,2019,79.4,No
UKR,2020,79.4,No
UKR,2021,79.4,No
UKR,2022,85,No
UKR,2023,85,No
UKR,2024,85,No
URY,1971,60,No
URY,1972,60,No
URY,1973,60,No
URY,1974,60,No
URY,1975,60,No
URY,1976,60,No
URY,1977,60,No
URY,1978,60,No
URY,1979,60,No
URY,1980,60,No
URY,1981,60,No
URY,1982,62.5,No
URY,1983,62.5,No
URY,1984,62.5,No
URY,1985,62.5,No
URY,1986,62.5,No
URY,1987,62.5,No
URY,1988,62.5,No
URY,1989,62.5,No
URY,1990,62.5,No
URY,1991,65.6,No
URY,1992,65.6,No
URY,1993,65.6,No
URY,1994,65.6,No
URY,1995,65.6,No
URY,1996,65.6,No
URY,1997,68.1,No
URY,1998,68.1,No
URY,1999,68.1,No
URY,2000,68.1,No
URY,2001,68.1,No
URY,2002,68.1,No
URY,2003,68.1,No
URY,2004,71.3,No
URY,2005,71.3,No
URY,2006,71.3,No
URY,2007,71.3,No
URY,2008,71.3,No
URY,2009,71.3,No
URY,2010,76.9,No
URY,2011,83.1,No
URY,2012,83.1,No
URY,2013,83.1,No
URY,2014,83.1,No
URY,2015,85.6,No
URY,2016,85.6,No
URY,2017,85.6,No
URY,2018,85.6,No
URY,2019,88.8,No
URY,2020,88.8,No
URY,2021,88.8,No
URY,2022,88.8,No
URY,2023,88.8,No
URY,2024,88.8,No
USA,1971,66.9,No
USA,1972,66.9,No
USA,1973,66.9,No
USA,1974,66.9,No
USA,1975,66.9,No
USA,1976,70,No
USA,1977,70,No
USA,1978,70,No
USA,1979,70,No
USA,1980,72.5,No
USA,1981,72.5,No
USA,1982,81.3,No
USA,1983,81.3,No
USA,1984,81.3,No
USA,1985,81.3,No
USA,1986,81.3,No
USA,1987,81.3,No
USA,1988,81.3,No
USA,1989,81.3,No
USA,1990,81.3,No
USA,1991,81.3,No
USA,1992,81.3,No
USA,1993,81.3,No
USA,1994,81.3,No
USA,1995,81.3,No
USA,1996,83.8,No
USA,1997,83.8,No
USA,1998,83.8,No
USA,1999,83.8,No
USA,2000,83.8,No
USA,2001,83.8,No
USA,2002,83.8,No
USA,2003,83.8,No
USA,2004,83.8,No
USA,2005,83.8,No
USA,2006,83.8,No
USA,2007,83.8,No
USA,2008,83.8,No
USA,2009,83.8,No
USA,2010,83.8,No
USA,2011,83.8,No
USA,2012,83.8,No
USA,2013,83.8,No
USA,2014,83.8,No
USA,2015,83.8,No
USA,2016,83.8,No
USA,2017,83.8,No
USA,2018,83.8,No
USA,2019,91.3,Yes
USA,2020,91.3,Yes
USA,2021,91.3,Yes
USA,2022,91.3,Yes
USA,2023,91.3,Yes
USA,2024,91.3,Yes
UZB,1971,53.1,No
UZB,1972,55.6,No
UZB,1973,55.6,No
UZB,1974,55.6,No
UZB,1975,55.6,No
UZB,1976,55.6,No
UZB,1977,55.6,No
UZB,1978,55.6,No
UZB,1979,55.6,No
UZB,1980,55.6,No
UZB,1981,55.6,No
UZB,1982,55.6,No
UZB,1983,55.6,No
UZB,1984,55.6,No
UZB,1985,55.6,No
UZB,1986,55.6,No
UZB,1987,55.6,No
UZB,1988,55.6,No
UZB,1989,52.5,No
UZB,1990,52.5,No
UZB,1991,52.5,No
UZB,1992,52.5,No
UZB,1993,52.5,No
UZB,1994,52.5,No
UZB,1995,52.5,No
UZB,1996,55.6,No
UZB,1997,67.5,Yes
UZB,1998,67.5,Yes
UZB,1999,67.5,Yes
UZB,2000,67.5,Yes
UZB,2001,67.5,Yes
UZB,2002,67.5,Yes
UZB,2003,67.5,Yes
UZB,2004,67.5,Yes
UZB,2005,67.5,Yes
UZB,2006,67.5,Yes
UZB,2007,67.5,Yes
UZB,2008,67.5,Yes
UZB,2009,67.5,Yes
UZB,2010,67.5,Yes
UZB,2011,67.5,Yes
UZB,2012,64.4,Yes
UZB,2013,64.4,Yes
UZB,2014,64.4,Yes
UZB,2015,64.4,Yes
UZB,2016,64.4,Yes
UZB,2017,64.4,Yes
UZB,2018,64.4,Yes
UZB,2019,64.4,Yes
UZB,2020,67.5,Yes
UZB,2021,70.6,Yes
UZB,2022,70.6,Yes
UZB,2023,70.6,Yes
UZB,2024,82.5,Yes
VCT,1971,55,No
VCT,1972,55,No
VCT,1973,55,No
VCT,1974,57.5,No
VCT,1975,57.5,No
VCT,1976,57.5,No
VCT,1977,57.5,No
VCT,1978,57.5,No
VCT,1979,57.5,No
VCT,1980,57.5,No
VCT,1981,57.5,No
VCT,1982,57.5,No
VCT,1983,57.5,No
VCT,1984,57.5,No
VCT,1985,57.5,No
VCT,1986,57.5,No
VCT,1987,57.5,No
VCT,1988,57.5,No
VCT,1989,57.5,No
VCT,1990,57.5,No
VCT,1991,60,No
VCT,1992,60,No
VCT,1993,60,No
VCT,1994,60,No
VCT,1995,60,No
VCT,1996,63.1,No
VCT,1997,65.6,No
VCT,1998,65.6,No
VCT,1999,65.6,No
VCT,2000,65.6,No
VCT,2001,65.6,No
VCT,2002,65.6,No
VCT,2003,65.6,No
VCT,2004,65.6,No
VCT,2005,68.1,No
VCT,2006,68.1,No
VCT,2007,68.1,No
VCT,2008,68.1,No
VCT,2009,68.1,No
VCT,2010,68.1,No
VCT,2011,68.1,No
VCT,2012,68.1,No
VCT,2013,68.1,No
VCT,2014,68.1,No
VCT,2015,68.1,No
VCT,2016,68.1,No
VCT,2017,68.1,No
VCT,2018,68.1,No
VCT,2019,68.1,No
VCT,2020,68.1,No
VCT,2021,68.1,No
VCT,2022,68.1,No
VCT,2023,68.1,No
VCT,2024,68.1,No
VEN,1971,49.4,No
VEN,1972,49.4,No
VEN,1973,49.4,No
VEN,1974,49.4,No
VEN,1975,49.4,No
VEN,1976,49.4,No
VEN,1977,49.4,No
VEN,1978,49.4,No
VEN,1979,49.4,No
VEN,1980,49.4,No
VEN,1981,49.4,No
VEN,1982,49.4,No
VEN,1983,49.4,No
VEN,1984,60,No
VEN,1985,60,No
VEN,1986,60,No
VEN,1987,60,No
VEN,1988,60,No
VEN,1989,60,No
VEN,1990,60,No
VEN,1991,60,No
VEN,1992,65.6,No
VEN,1993,65.6,No
VEN,1994,65.6,No
VEN,1995,65.6,No
VEN,1996,65.6,No
VEN,1997,65.6,No
VEN,1998,65.6,No
VEN,1999,68.1,No
VEN,2000,70.6,No
VEN,2001,70.6,No
VEN,2002,70.6,No
VEN,2003,70.6,No
VEN,2004,70.6,No
VEN,2005,70.6,No
VEN,2006,70.6,No
VEN,2007,73.8,No
VEN,2008,80,No
VEN,2009,82.5,No
VEN,2010,82.5,No
VEN,2011,82.5,No
VEN,2012,82.5,No
VEN,2013,82.5,No
VEN,2014,82.5,No
VEN,2015,85,No
VEN,2016,85,No
VEN,2017,85,No
VEN,2018,85,No
VEN,2019,85,No
VEN,2020,85,No
VEN,2021,85,No
VEN,2022,85,No
VEN,2023,85,No
VEN,2024,85,No
VNM,1971,53.8,No
VNM,1972,53.8,No
VNM,1973,53.8,No
VNM,1974,53.8,No
VNM,1975,53.8,No
VNM,1976,53.8,No
VNM,1977,53.8,No
VNM,1978,53.8,No
VNM,1979,53.8,No
VNM,1980,53.8,No
VNM,1981,53.8,No
VNM,1982,53.8,No
VNM,1983,53.8,No
VNM,1984,53.8,No
VNM,1985,53.8,No
VNM,1986,53.8,No
VNM,1987,53.8,No
VNM,1988,53.8,No
VNM,1989,53.8,No
VNM,1990,53.8,No
VNM,1991,53.8,No
VNM,1992,53.8,No
VNM,1993,53.8,No
VNM,1994,53.8,No
VNM,1995,53.8,No
VNM,1996,64.4,No
VNM,1997,64.4,No
VNM,1998,64.4,No
VNM,1999,64.4,No
VNM,2000,64.4,No
VNM,2001,64.4,No
VNM,2002,64.4,No
VNM,2003,64.4,No
VNM,2004,64.4,No
VNM,2005,64.4,No
VNM,2006,64.4,No
VNM,2007,64.4,No
VNM,2008,67.5,No
VNM,2009,70,No
VNM,2010,70,No
VNM,2011,70,No
VNM,2012,70,No
VNM,2013,70,No
VNM,2014,79.4,No
VNM,2015,76.3,No
VNM,2016,76.3,No
VNM,2017,81.9,No
VNM,2018,81.9,No
VNM,2019,81.9,No
VNM,2020,81.9,No
VNM,2021,85,No
VNM,2022,88.1,No
VNM,2023,88.1,No
VNM,2024,88.1,No
VUT,1971,41.3,No
VUT,1972,41.3,No
VUT,1973,41.3,No
VUT,1974,43.8,No
VUT,1975,43.8,No
VUT,1976,43.8,No
VUT,1977,43.8,No
VUT,1978,43.8,No
VUT,1979,43.8,No
VUT,1980,43.8,No
VUT,1981,43.8,No
VUT,1982,43.8,No
VUT,1983,46.9,No
VUT,1984,46.9,No
VUT,1985,46.9,No
VUT,1986,46.9,No
VUT,1987,46.9,No
VUT,1988,46.9,No
VUT,1989,53.1,No
VUT,1990,53.1,No
VUT,1991,53.1,No
VUT,1992,53.1,No
VUT,1993,53.1,No
VUT,1994,53.1,No
VUT,1995,53.1,No
VUT,1996,53.1,No
VUT,1997,53.1,No
VUT,1998,53.1,No
VUT,1999,53.1,No
VUT,2000,53.1,No
VUT,2001,53.1,No
VUT,2002,53.1,No
VUT,2003,53.1,No
VUT,2004,53.1,No
VUT,2005,53.1,No
VUT,2006,53.1,No
VUT,2007,53.1,No
VUT,2008,53.1,No
VUT,2009,53.1,No
VUT,2010,55.6,No
VUT,2011,55.6,No
VUT,2012,55.6,No
VUT,2013,55.6,No
VUT,2014,55.6,No
VUT,2015,55.6,No
VUT,2016,55.6,No
VUT,2017,55.6,No
VUT,2018,55.6,No
VUT,2019,55.6,No
VUT,2020,55.6,No
VUT,2021,55.6,No
VUT,2022,55.6,No
VUT,2023,55.6,No
VUT,2024,55.6,No
WSM,1971,43.1,No
WSM,1972,43.1,No
WSM,1973,49.4,No
WSM,1974,49.4,No
WSM,1975,49.4,No
WSM,1976,49.4,No
WSM,1977,49.4,No
WSM,1978,49.4,No
WSM,1979,49.4,No
WSM,1980,49.4,No
WSM,1981,49.4,No
WSM,1982,49.4,No
WSM,1983,49.4,No
WSM,1984,49.4,No
WSM,1985,49.4,No
WSM,1986,49.4,No
WSM,1987,49.4,No
WSM,1988,49.4,No
WSM,1989,49.4,No
WSM,1990,49.4,No
WSM,1991,49.4,No
WSM,1992,49.4,No
WSM,1993,49.4,No
WSM,1994,49.4,No
WSM,1995,49.4,No
WSM,1996,49.4,No
WSM,1997,49.4,No
WSM,1998,49.4,No
WSM,1999,49.4,No
WSM,2000,49.4,No
WSM,2001,49.4,No
WSM,2002,49.4,No
WSM,2003,49.4,No
WSM,2004,49.4,No
WSM,2005,49.4,No
WSM,2006,49.4,No
WSM,2007,49.4,No
WSM,2008,49.4,No
WSM,2009,49.4,No
WSM,2010,49.4,No
WSM,2011,49.4,No
WSM,2012,51.9,No
WSM,2013,51.9,No
WSM,2014,75,No
WSM,2015,75,No
WSM,2016,75,No
WSM,2017,75,No
WSM,2018,75,No
WSM,2019,75,No
WSM,2020,75,No
WSM,2021,75,No
WSM,2022,75,No
WSM,2023,75,No
WSM,2024,75,No
YEM,1971,23.8,No
YEM,1972,23.8,No
YEM,1973,23.8,No
YEM,1974,23.8,No
YEM,1975,23.8,No
YEM,1976,23.8,No
YEM,1977,23.8,No
YEM,1978,23.8,No
YEM,1979,23.8,No
YEM,1980,23.8,No
YEM,1981,23.8,No
YEM,1982,23.8,No
YEM,1983,23.8,No
YEM,1984,23.8,No
YEM,1985,23.8,No
YEM,1986,23.8,No
YEM,1987,23.8,No
YEM,1988,23.8,No
YEM,1989,23.8,No
YEM,1990,23.8,No
YEM,1991,23.8,No
YEM,1992,23.8,No
YEM,1993,23.8,No
YEM,1994,23.8,No
YEM,1995,23.8,No
YEM,1996,23.8,No
YEM,1997,23.8,No
YEM,1998,23.8,No
YEM,1999,23.8,No
YEM,2000,23.8,No
YEM,2001,23.8,No
YEM,2002,23.8,No
YEM,2003,23.8,No
YEM,2004,23.8,No
YEM,2005,23.8,No
YEM,2006,23.8,No
YEM,2007,23.8,No
YEM,2008,23.8,No
YEM,2009,26.9,No
YEM,2010,26.9,No
YEM,2011,26.9,No
YEM,2012,26.9,No
YEM,2013,26.9,No
YEM,2014,26.9,No
YEM,2015,26.9,No
YEM,2016,26.9,No
YEM,2017,26.9,No
YEM,2018,26.9,No
YEM,2019,26.9,No
YEM,2020,26.9,No
YEM,2021,26.9,No
YEM,2022,26.9,No
YEM,2023,26.9,No
YEM,2024,26.9,No
ZAF,1971,25.6,No
ZAF,1972,25.6,No
ZAF,1973,25.6,No
ZAF,1974,25.6,No
ZAF,1975,25.6,No
ZAF,1976,25.6,No
ZAF,1977,25.6,No
ZAF,1978,25.6,No
ZAF,1979,25.6,No
ZAF,1980,25.6,No
ZAF,1981,25.6,No
ZAF,1982,25.6,No
ZAF,1983,25.6,No
ZAF,1984,25.6,No
ZAF,1985,28.8,No
ZAF,1986,33.8,No
ZAF,1987,33.8,No
ZAF,1988,33.8,No
ZAF,1989,38.8,No
ZAF,1990,38.8,No
ZAF,1991,38.8,No
ZAF,1992,38.8,No
ZAF,1993,41.9,No
ZAF,1994,41.9,No
ZAF,1995,59.4,No
ZAF,1996,59.4,No
ZAF,1997,61.9,No
ZAF,1998,65,No
ZAF,1999,70,No
ZAF,2000,75.6,No
ZAF,2001,78.8,No
ZAF,2002,78.8,No
ZAF,2003,78.8,No
ZAF,2004,78.8,No
ZAF,2005,78.8,No
ZAF,2006,78.8,No
ZAF,2007,78.8,No
ZAF,2008,78.8,No
ZAF,2009,78.8,No
ZAF,2010,78.8,No
ZAF,2011,78.8,No
ZAF,2012,78.8,No
ZAF,2013,81.9,No
ZAF,2014,81.9,No
ZAF,2015,88.1,No
ZAF,2016,88.1,No
ZAF,2017,88.1,No
ZAF,2018,88.1,No
ZAF,2019,88.1,No
ZAF,2020,88.1,No
ZAF,2021,88.1,No
ZAF,2022,88.1,No
ZAF,2023,88.1,No
ZAF,2024,88.1,No
ZMB,1971,46.9,No
ZMB,1972,46.9,No
ZMB,1973,46.9,No
ZMB,1974,46.9,No
ZMB,1975,46.9,No
ZMB,1976,46.9,No
ZMB,1977,46.9,No
ZMB,1978,46.9,No
ZMB,1979,46.9,No
ZMB,1980,46.9,No
ZMB,1981,46.9,No
ZMB,1982,46.9,No
ZMB,1983,46.9,No
ZMB,1984,49.4,No
ZMB,1985,49.4,No
ZMB,1986,49.4,No
ZMB,1987,49.4,No
ZMB,1988,49.4,No
ZMB,1989,49.4,No
ZMB,1990,54.4,No
ZMB,1991,54.4,No
ZMB,1992,54.4,No
ZMB,1993,57.5,No
ZMB,1994,60.6,No
ZMB,1995,60.6,No
ZMB,1996,60.6,No
ZMB,1997,60.6,No
ZMB,1998,60.6,No
ZMB,1999,60.6,No
ZMB,2000,60.6,No
ZMB,2001,60.6,No
ZMB,2002,60.6,No
ZMB,2003,60.6,No
ZMB,2004,60.6,No
ZMB,2005,60.6,No
ZMB,2006,60.6,No
ZMB,2007,60.6,No
ZMB,2008,60.6,No
ZMB,2009,60.6,No
ZMB,2010,60.6,No
ZMB,2011,60.6,No
ZMB,2012,60.6,No
ZMB,2013,63.1,No
ZMB,2014,63.1,No
ZMB,2015,63.1,No
ZMB,2016,63.1,No
ZMB,2017,78.8,No
ZMB,2018,78.8,No
ZMB,2019,78.8,No
ZMB,2020,81.3,No
ZMB,2021,81.3,No
ZMB,2022,81.3,No
ZMB,2023,81.3,No
ZMB,2024,81.3,No
ZWE,1971,36.9,No
ZWE,1972,36.9,No
ZWE,1973,36.9,No
ZWE,1974,36.9,No
ZWE,1975,36.9,No
ZWE,1976,36.9,No
ZWE,1977,36.9,No
ZWE,1978,36.9,No
ZWE,1979,36.9,No
ZWE,1980,36.9,No
ZWE,1981,36.9,No
ZWE,1982,36.9,No
ZWE,1983,36.9,No
ZWE,1984,52.5,No
ZWE,1985,52.5,No
ZWE,1986,52.5,No
ZWE,1987,52.5,No
ZWE,1988,52.5,No
ZWE,1989,55,No
ZWE,1990,55,No
ZWE,1991,55,No
ZWE,1992,55,No
ZWE,1993,57.5,No
ZWE,1994,57.5,No
ZWE,1995,66.9,No
ZWE,1996,66.9,No
ZWE,1997,66.9,No
ZWE,1998,66.9,No
ZWE,1999,66.9,No
ZWE,2000,70,No
ZWE,2001,70,No
ZWE,2002,70,No
ZWE,2003,70,No
ZWE,2004,75.6,No
ZWE,2005,75.6,No
ZWE,2006,75.6,No
ZWE,2007,84.4,No
ZWE,2008,86.9,No
ZWE,2009,86.9,No
ZWE,2010,86.9,No
ZWE,2011,86.9,No
ZWE,2012,86.9,No
ZWE,2013,86.9,No
ZWE,2014,86.9,No
ZWE,2015,86.9,No
ZWE,2016,86.9,No
ZWE,2017,86.9,No
ZWE,2018,86.9,No
ZWE,2019,86.9,No
ZWE,2020,86.9,No
ZWE,2021,86.9,No
ZWE,2022,86.9,No
ZWE,2023,86.9,No
ZWE,2024,86.9,No